image,quality,Contraste,Entropia,Laplace_media
image_0001.jpg,0,47.479056883784,6.55631947049229,1.03519830525967
image_0002.jpg,0,42.6507959683434,6.63292243763898,1.12024674213444
image_0003.jpg,0,42.8943847447842,7.04450838409137,1.35171745143221
image_0004.jpg,0,39.5161755584522,6.67138388346153,1.26406017473628
image_0005.jpg,0,46.7959014665907,7.04635025721909,1.1233526573181
image_0006.jpg,0,44.4893614878416,7.09673247550243,0.446344205799613
image_0007.jpg,0,45.7017425736863,6.09757605769224,0.9814217777851
image_0008.jpg,0,41.4198226651433,7.4417056851067,2.76383985628007
image_0010.jpg,0,51.3783851487448,7.14952084213527,1.23791806194601
image_0011.jpg,0,42.9208657372988,7.39532682468777,1.81268941275835
image_0012.jpg,0,43.9869294120258,6.92686508571908,1.33322882737723
image_0013.jpg,0,42.8093622230626,7.4556030993083,1.55343567802573
image_0014.jpg,0,44.8784862185181,6.84296252365332,1.33769965177037
image_0015.jpg,0,42.0638519714693,6.92351581875634,1.33208678604965
image_0016.jpg,0,53.5605116806931,7.35188544435354,2.12401620515162
image_0017.jpg,0,49.7110182744104,6.80935240511939,1.27071907423765
image_0018.jpg,0,46.1534452254449,6.82289274273972,1.24235831542308
image_0019.jpg,0,40.748211963499,7.35360969514444,2.81672089762707
image_0020.jpg,0,46.2294622225603,6.81205132971782,1.2281576984263
image_0021.jpg,0,48.6091263917868,7.46934307798741,2.60377488238567
image_0022.jpg,0,36.5623118176633,6.89572868188976,1.59180588832286
image_0024.jpg,0,37.7410392313596,7.0461883718017,1.44332393054591
image_0025.jpg,0,41.8038579686291,7.44276905128851,2.68844425840768
image_0026.jpg,0,47.9962633745723,6.86714241833565,2.77113846526265
image_0027.jpg,0,42.9966649470078,7.36324622679692,2.0982272208744
image_0028.jpg,0,48.2750772784261,6.64609878347697,1.07974168501485
image_0029.jpg,0,44.9445491527073,6.36203324614496,1.11031106022416
image_0030.jpg,0,51.0426233322798,6.55169453234195,1.21851432567994
image_0031.jpg,0,40.2931470211403,7.03219292602736,1.36043803521217
image_0033.jpg,0,48.8575342974478,6.90185726748659,1.34588589784068
image_0034.jpg,0,32.9150351355777,7.01939370392364,1.96265379870951
image_0035.jpg,0,48.7935137803798,7.54500517947517,1.7807320668323
image_0036.jpg,0,46.2588982041413,6.95060714897775,1.34279249623421
image_0037.jpg,0,58.0489864086066,7.06834122619156,1.00608305744721
image_0039.jpg,0,57.7423936196659,6.28009968529817,1.02798211137862
image_0041.jpg,0,38.3688947761198,7.30125701459406,2.8907181640625
image_0042.jpg,0,47.3687322762475,6.83495697279871,1.18213867975816
image_0043.jpg,0,49.5578536380044,6.16037810674868,1.02634140653401
image_0044.jpg,0,47.4035874075624,7.49874963680791,2.68761524650621
image_0045.jpg,0,48.8801641193885,6.65328723253677,1.22992290077593
image_0046.jpg,0,42.0676744039417,6.94287947547306,1.38936300004834
image_0047.jpg,0,48.0485789318904,6.64641789005585,1.28621000203182
image_0049.jpg,0,42.4101915431065,6.89781152521287,1.42871150475937
image_0050.jpg,0,45.3239274483461,6.52440596944529,1.18902752875154
image_0051.jpg,0,40.9212400078954,7.18630515035671,1.49209215626213
image_0052.jpg,0,40.3282509489148,7.35613404661362,1.54488596906566
image_0053.jpg,0,47.0217376129754,7.54343819815792,1.55135869398121
image_0054.jpg,0,53.2488375074481,6.55926983048297,0.855237703287583
image_0055.jpg,0,37.5215342769053,7.14224129217318,1.80504523961889
image_0056.jpg,0,45.8354261470294,6.56457573640684,1.28805020149152
image_0057.jpg,0,65.6335428798602,6.95524702901199,2.62111404777097
image_0058.jpg,0,49.5400157264792,7.28643075914675,2.6564864085387
image_0059.jpg,0,49.3348419126472,6.26105181679805,0.966183920818158
image_0060.jpg,0,44.076992541404,6.86600215273704,1.49859631373329
image_0061.jpg,0,46.2589952978195,7.25141814937297,1.5477136855839
image_0062.jpg,0,39.4631567229183,6.77527198314204,1.29808055705704
image_0063.jpg,0,50.3326360009716,6.79246616389429,1.29801038109803
image_0064.jpg,0,40.8602197771626,7.36945010043095,1.67512037980576
image_0066.jpg,0,40.2643051001857,7.32747904860173,1.57710280012376
image_0070.jpg,0,45.4292044189962,6.4926512449343,1.20169999945086
image_0071.jpg,0,38.4668654967936,6.68642577932289,1.31346023628318
image_0072.jpg,0,40.7078882756138,6.84461207997193,1.38031393552578
image_0073.jpg,0,43.9657551961915,6.63327555568138,1.41005159168163
image_0074.jpg,0,44.902892690049,7.43397955409385,1.77874805002013
image_0075.jpg,0,36.1165604124908,6.87792333242528,1.32803597558034
image_0076.jpg,0,47.1036824149041,6.75427753767213,1.20870661109372
image_0077.jpg,0,36.8689963629944,7.07784791456089,1.86399557639733
image_0079.jpg,0,47.2903767649012,7.47965370986159,2.95397567295792
image_0080.jpg,0,41.8943929623252,6.66940669802983,2.59495396977437
image_0081.jpg,0,49.9687008959443,6.71446462659036,1.12671359066023
image_0082.jpg,0,46.7276325623003,7.05155769040396,1.19080983933688
image_0083.jpg,0,48.075946522997,6.92956297763464,1.60531475084925
image_0084.jpg,0,43.94556734572,7.28469806118732,1.54669675401821
image_0085.jpg,0,34.8214768771089,7.10037283404636,3.20884398449842
image_0087.jpg,0,50.6400795156444,7.16548404591198,1.32200392603676
image_0088.jpg,0,36.8683520631762,7.19913813412476,3.05169297920812
image_0089.jpg,0,49.2240781613588,7.57834275688711,1.94596386836361
image_0090.jpg,0,51.0891941884106,7.46631504100718,1.60059134353994
image_0091.jpg,0,39.0166053919332,6.86294821116866,1.45598368207846
image_0092.jpg,0,39.0920556939264,6.8607044743469,2.59420727009369
image_0093.jpg,0,43.9802596832903,7.37479380110176,1.37855908025998
image_0095.jpg,0,46.172065722982,7.55063740385481,1.61108514787282
image_0096.jpg,0,47.0219698182122,7.07446609060846,1.61147110761209
image_0097.jpg,0,38.5794035168069,6.52189919139735,1.25167241586813
image_0102.jpg,0,45.1267819229793,7.01017297842676,1.42325475511259
image_0103.jpg,0,52.3365379101708,6.42045161522605,1.07929958659965
image_0104.jpg,0,32.9004225288357,6.65103493574177,1.38412221205131
image_0105.jpg,0,44.7588492465208,7.50841732899473,1.5399226617088
image_0106.jpg,0,42.3429017369965,6.81907224234278,1.34849559772888
image_0107.jpg,0,54.9158247327694,7.05007796314635,1.09373802223731
image_0108.jpg,0,40.994313751851,7.28469923361036,1.78871733910008
image_0109.jpg,0,50.3577353304436,6.58712063819889,1.19778326002317
image_0110.jpg,0,47.9456902829783,7.41254892031233,2.49733078100119
image_0111.jpg,0,43.5852567152579,7.00266113206658,1.48482894644325
image_0112.jpg,0,44.9210032659125,6.68110568976673,1.17103864296579
image_0113.jpg,0,46.5013492171242,6.54915274401659,0.42189502644108
image_0114.jpg,0,51.5246093565177,6.80635031989491,1.20812779938405
image_0115.jpg,0,43.5381198442373,6.71049169128729,1.32130938892292
image_0117.jpg,0,37.6721272408966,6.89511181561449,1.3685074186406
image_0118.jpg,0,43.7316872868199,6.70696509139294,1.2304633426059
image_0119.jpg,0,42.3604474575214,6.68286160868568,2.60978962679154
image_0120.jpg,0,42.4200170408598,6.73951624180255,1.31698442522365
image_0121.jpg,0,40.5229492341577,7.19067009397914,1.53935492578435
image_0122.jpg,0,53.1667097448278,7.67046322148525,2.9581633521308
image_0123.jpg,0,45.6827541292661,7.34541773319743,0.451180651688518
image_0124.jpg,0,45.8329601781694,7.39168695357575,2.88600597389304
image_0125.jpg,0,77.9190870070892,6.8390782407852,2.55536151544343
image_0126.jpg,0,39.1262584926473,7.4031197866551,2.9194518418691
image_0127.jpg,0,53.877780313453,6.4792778047633,0.853633351852995
image_0129.jpg,0,42.1087843575923,7.32836613246788,1.87690605941343
image_0130.jpg,0,42.9512779601575,7.00451987352906,1.37969349438058
image_0133.jpg,0,41.0946730315644,6.74199160450218,1.30131924801874
image_0134.jpg,0,50.4429792812938,6.57446112159749,1.04254801727678
image_0135.jpg,0,44.3812164136207,6.71830666235986,1.25843127754853
image_0136.jpg,0,41.6591485634704,7.3432947380598,1.7759464240982
image_0137.jpg,0,44.1876140339229,7.02291752574389,1.33722116386073
image_0138.jpg,0,22.7387242588111,6.03250782382672,1.46042550218379
image_0139.jpg,0,39.8516137593574,7.323739317304,1.86546403933794
image_0141.jpg,0,41.9346431032096,6.52519371659754,1.25996966124007
image_0143.jpg,0,42.5106566886937,6.86690070278266,1.4248583399325
image_0144.jpg,0,44.0233508720527,7.52869333131376,2.74573352994945
image_0145.jpg,0,45.90598569374,7.05991691706054,2.57425054778016
image_0146.jpg,0,45.1960761013713,7.31889731017102,1.3492510932488
image_0148.jpg,0,48.4713121257251,6.99446085348383,1.25462924828257
image_0149.jpg,0,54.1487517890773,6.12680434011306,1.07311947084892
image_0150.jpg,0,47.1303435056669,6.56634939471443,1.05919857132185
image_0151.jpg,0,78.941098241438,6.99598582851877,233.452310231023
image_0152.jpg,0,44.8860928400282,6.71509780268744,1.46533554820196
image_0153.jpg,0,44.5509545405118,7.39112863802644,2.61279277398285
image_0154.jpg,0,45.7994175373129,7.48489042670045,2.66093981753785
image_0155.jpg,0,48.6907660781813,6.15100703423985,1.11848280917942
image_0156.jpg,0,48.4039471396649,7.59391891737719,2.61685321665327
image_0157.jpg,0,47.1415443391041,7.35847177116746,1.88080239597755
image_0158.jpg,0,40.483810489146,6.80713947415446,2.603905592188
image_0159.jpg,0,47.6398403333059,6.84613641648103,1.07727469902673
image_0160.jpg,0,40.1268577058863,6.95005825145736,1.38671865769289
image_0161.jpg,0,47.8380529145577,6.51262118588348,1.24327725299161
image_0162.jpg,0,43.8560323688975,7.40431405643397,1.8111453065838
image_0164.jpg,0,44.2872003462136,6.84568505105489,1.58296114791486
image_0165.jpg,0,43.228645374723,6.79916725940211,1.47574330662707
image_0166.jpg,0,39.0820743598988,7.06522831138914,1.50703478596674
image_0167.jpg,0,41.6476954761333,6.76859010564741,1.29162767156517
image_0168.jpg,0,44.928028166734,6.9205197384133,1.29283159666599
image_0169.jpg,0,44.8874572005671,6.69315006043963,1.25101055446643
image_0170.jpg,0,44.4006048441587,7.3522005014234,1.40767061681306
image_0171.jpg,0,42.8455914313071,7.3637365495972,1.77401436666255
image_0172.jpg,0,43.4728308429684,6.75285398143747,2.6386658506493
image_0173.jpg,0,29.5118381315594,6.43969535136703,1.33719272885596
image_0174.jpg,0,41.96651122276,7.29989330082892,0.424568590070853
image_0177.jpg,0,65.0387517629215,7.64650241266462,1.43103873585084
image_0178.jpg,0,40.338060272066,6.95859758081332,1.50147347902618
image_0179.jpg,0,47.4010783205193,6.58333458269806,1.16879332643843
image_0180.jpg,0,44.6522497050468,6.48650894214405,1.10764099462543
image_0181.jpg,0,43.6722087462633,6.40594767507328,1.27759369403184
image_0182.jpg,0,50.1767299478613,6.83550981304309,1.24993006985321
image_0183.jpg,0,40.3081433124862,7.18258716356624,1.79600873302045
image_0184.jpg,0,42.9043233567056,6.75680790461695,2.54256949693458
image_0185.jpg,0,43.1595146983174,7.24309069868246,2.63549417162698
image_0186.jpg,0,47.5136297848003,7.4883706330246,1.61578778689254
image_0187.jpg,0,57.1911269852801,7.54557340820634,1.40137511602723
image_0188.jpg,0,47.3582904878667,6.4350074275126,1.04829778371918
image_0189.jpg,0,47.5691241213709,7.40697089486858,2.71977599876959
image_0191.jpg,0,37.8489632186695,6.76011622048119,1.49955953624635
image_0192.jpg,0,51.1569786564639,7.52544882294069,1.77213096385004
image_0193.jpg,0,50.9235041606203,7.54529322151742,2.76385136411729
image_0194.jpg,0,44.9701899606674,7.44472090181317,2.7393099759854
image_0195.jpg,0,45.7862506082661,6.99307236505638,1.20901339468168
image_0196.jpg,0,38.9084969513501,7.2308964229569,2.71144381492122
image_0197.jpg,0,45.4615610423882,6.74578604685416,1.13666108419015
image_0198.jpg,0,45.7217827457465,6.62561056838176,1.42071682201509
image_0199.jpg,0,45.0745297239579,7.36893297942721,1.49663385776739
image_0200.jpg,0,46.6596576682128,7.550792253331,3.00560141509434
image_0201.jpg,0,45.8988641439238,6.83931936853473,1.43945558836842
image_0203.jpg,0,43.9819051544177,6.57254539600021,1.26497589495654
image_0205.jpg,0,53.0514730268856,6.43102025910966,1.01426186596223
image_0209.jpg,0,39.3923798145793,7.29134201241928,1.54031065318335
image_0210.jpg,0,41.2578016699898,6.91516387827411,1.48888028233644
image_0211.jpg,0,45.8258867921,6.84013845211969,1.29270987149889
image_0212.jpg,0,45.1400779604981,6.92250533595921,1.32486193948034
image_0213.jpg,0,43.9341210097874,6.55530116480549,1.14364696294334
image_0214.jpg,0,49.5267980537243,6.54688244859456,1.1884494913975
image_0215.jpg,0,48.7358111500958,6.76625206889027,1.12930441522453
image_0216.jpg,0,42.8389865243339,7.27441745096971,2.63525722922088
image_0217.jpg,0,41.7540216205913,6.67396898163222,1.31247628591431
image_0218.jpg,0,55.0608786954904,7.07016066301503,1.16392520800324
image_0219.jpg,0,43.6234083266611,6.79430258787173,1.34656429714828
image_0220.jpg,0,43.7635301249734,6.86379357824936,1.31328815671827
image_0221.jpg,0,42.0820846941487,6.6414419105605,1.3434391525675
image_0222.jpg,0,42.2717600157739,7.38542430215321,1.52658398120434
image_0224.jpg,0,51.0051497112519,6.79688706510605,1.16553588614521
image_0226.jpg,0,42.2440281677769,6.89992687244045,1.40769344272295
image_0227.jpg,0,50.5278863324557,7.50679352263369,1.53421196405179
image_0228.jpg,0,45.275554471208,6.99816401191785,1.36093504162561
image_0229.jpg,0,44.207389936178,7.55955644044235,2.84700265599869
image_0230.jpg,0,66.1710323194081,6.51057210815127,192.834303642487
image_0231.jpg,0,51.4202288477494,6.86319352748442,1.45866432733124
image_0232.jpg,0,51.7134780278629,6.99106111057195,1.49064831585208
image_0233.jpg,0,40.7142920437857,7.29770199140903,2.80375185712127
image_0234.jpg,0,42.4882104442117,7.4678453360693,2.0319612219888
image_0236.jpg,0,54.98933143102,7.22213899469544,1.06907943563046
image_0237.jpg,0,56.5876012089669,7.0639993161617,1.15908918692602
image_0238.jpg,0,47.1534595599332,7.06211947407469,3.33579595997664
image_0239.jpg,0,48.7941600761152,7.4305034714964,2.57576991002843
image_0240.jpg,0,41.4908262725089,7.43029905877412,1.94306077449189
image_0241.jpg,0,45.022522365004,6.79492343931002,1.25132386740671
image_0242.jpg,0,46.3856412217185,7.61634207910525,2.89644505427434
image_0243.jpg,0,40.1864890135017,6.6737143728901,1.3265529026369
image_0244.jpg,0,44.514212806343,7.53150469980669,2.80724770947384
image_0246.jpg,0,45.2829809067113,6.96687082780874,1.40295110714947
image_0247.jpg,0,46.8185841583526,7.25427153992508,2.78475061015243
image_0248.jpg,0,78.7572297524009,7.26942896577504,237.075216031084
image_0249.jpg,0,43.0249288125372,7.06781279417868,1.42731125317571
image_0250.jpg,0,48.0695657131225,7.38445828742934,1.36773608770327
image_0253.jpg,0,34.4793242477805,6.34902410733587,1.33412492454796
image_0254.jpg,0,40.8672581300291,6.71093578524116,1.67465908378699
image_0255.jpg,0,40.0901655083439,6.99290405987117,1.40587965442288
image_0256.jpg,0,56.976811977128,7.10209017078356,1.12141997791359
image_0257.jpg,0,38.2588499299628,6.93366553688884,1.43329502058886
image_0258.jpg,0,46.1331171226998,6.86914496185041,1.31168470928568
image_0259.jpg,0,41.0933403488646,7.0068928678912,1.55311915932148
image_0260.jpg,0,48.1581944741636,7.58941914574602,2.5266702321989
image_0261.jpg,0,41.088270510538,6.74632498826277,1.43382547303829
image_0262.jpg,0,41.6687643939014,7.05004241458373,1.36228603449562
image_0264.jpg,0,41.437301345602,7.30744673694273,1.51369502458914
image_0266.jpg,0,47.3067042125545,7.50647549446376,1.3834259265044
image_0267.jpg,0,45.299672615236,6.93417084860091,1.34115252820222
image_0268.jpg,0,41.334724058563,6.60689197022833,1.26500558067301
image_0269.jpg,0,44.3283242775419,6.40445615100606,1.12952093612555
image_0270.jpg,0,46.5799007015674,7.3892340385961,1.85690707368211
image_0271.jpg,0,46.5718009286526,7.40324762831117,1.75245207588399
image_0273.jpg,0,56.7815104371233,5.93155801277634,0.981374158898698
image_0274.jpg,0,42.2249931352705,7.01397849346922,1.32661349044581
image_0275.jpg,0,42.0574295551282,6.58208779534088,2.69396467617715
image_0277.jpg,0,44.0949575230711,7.32506772311098,1.77033934786312
image_0278.jpg,0,47.417239772645,6.55442393370863,1.22927615140882
image_0279.jpg,0,36.5304524733868,7.13207806824706,1.85540778858739
image_0280.jpg,0,44.6688072706001,6.90142834399799,1.41626187782091
image_0281.jpg,0,70.7004868081076,7.19866977627086,210.855454670605
image_0282.jpg,0,46.9371511314582,6.52248449437798,1.20182750560485
image_0283.jpg,0,39.4697918246678,7.2843964609664,1.91065947061192
image_0284.jpg,0,44.0393611087028,7.40061595499118,1.79736834923902
image_0285.jpg,0,47.4582564152412,6.93922499273454,1.29205691710679
image_0286.jpg,0,39.3373421378787,7.32712021498201,3.20182950008761
image_0287.jpg,0,47.5394444977097,6.69896719183623,1.06683497800695
image_0288.jpg,0,46.5098109271057,6.5220561676774,1.21822210913706
image_0289.jpg,0,51.3084681072614,6.87903937060686,1.28317609426801
image_0290.jpg,0,34.1433610278464,6.46067822305757,1.21213114141233
image_0291.jpg,0,42.2651579776974,7.44356456474255,1.69962759329008
image_0292.jpg,0,36.8609272215447,6.95447878902863,1.36651076869306
image_0294.jpg,0,46.5525633731287,6.85721732184153,1.16476504295002
image_0295.jpg,0,49.0866575335002,6.92404137194587,1.11215437835463
image_0296.jpg,0,46.8352315589047,6.59031738688732,1.24465934859132
image_0297.jpg,0,38.6070781781014,6.70407117943846,1.4556343362246
image_0298.jpg,0,36.5828188839092,6.47525058131399,2.25964415395788
image_0299.jpg,0,46.9744802541814,7.40756611699633,1.47519693672037
image_0300.jpg,0,44.6810757900348,6.81704690941757,1.24112584404998
image_0301.jpg,0,45.3279363753258,6.62909386439432,1.21489459262066
image_0303.jpg,0,45.0678181657451,6.63837390704399,1.11673956177242
image_0304.jpg,0,44.8111201337601,7.07812139126015,1.22993815372322
image_0305.jpg,0,33.9641888383175,6.77521807255275,1.3735032343333
image_0306.jpg,0,61.4421712871633,7.04239925816317,1.14362766586246
image_0307.jpg,0,52.0071761514755,7.02217696769577,3.36176802375326
image_0308.jpg,0,35.6151052699577,7.15920919120249,1.69000780143414
image_0309.jpg,0,47.6587145902932,7.50948206755368,2.86898389517469
image_0310.jpg,0,40.2226365046652,6.61408440851851,1.45776126697528
image_0311.jpg,0,44.5304525610779,6.61070355169435,1.10108743897026
image_0313.jpg,0,55.4286556157649,7.5861616434086,1.26305287122823
image_0316.jpg,0,52.4355054035205,6.84308966425567,2.57868129551817
image_0319.jpg,0,46.0403722259454,7.05126851845037,1.34873317070158
image_0320.jpg,0,46.3290451692214,7.0330690481108,1.32662696386111
image_0322.jpg,0,44.2350248137126,7.42990740498013,2.58769312912856
image_0324.jpg,0,49.6163037190166,7.06462646459904,1.38411109053371
image_0325.jpg,0,42.066698176642,7.35002781567478,1.60165079357555
image_0326.jpg,0,37.2990193520368,7.19619489569836,3.01605080353504
image_0327.jpg,0,43.4963065404327,7.40051394742562,1.70518915039831
image_0328.jpg,0,41.6468216599118,6.63478793541093,1.31888517882059
image_0329.jpg,0,41.5285004839514,7.45606345932891,2.94992706881967
image_0330.jpg,0,49.2325839634686,7.20565837573426,1.60003415779148
image_0331.jpg,0,40.2933034410629,6.60222739494458,1.34323212687325
image_0332.jpg,0,32.5886527812326,6.70165095805966,1.44565773444167
image_0333.jpg,0,52.1770052406331,6.03616634686783,0.977477113978863
image_0334.jpg,0,78.1593120901622,6.76133285597182,2.43720206561337
image_0338.jpg,0,24.365650707051,6.17453140412725,1.38437116200841
image_0339.jpg,0,48.5362813179927,6.66805700196806,1.13093029768867
image_0340.jpg,0,61.149849650035,7.05570111383396,1.1232612312812
image_0342.jpg,0,45.3051822460202,6.58047930171912,1.14768715969466
image_0344.jpg,0,37.8688966202649,6.96816735993777,1.6744311205339
image_0345.jpg,0,47.7367067489477,6.51757449506519,1.25800003512157
image_0346.jpg,0,39.6985910731618,6.84196885690399,1.50762884109974
image_0347.jpg,0,47.3876591429344,6.64290105151107,1.23004206410658
image_0348.jpg,0,41.9300320190524,6.50124956362727,1.20555506401425
image_0349.jpg,0,43.455807095984,7.36643283808336,1.53836742872261
image_0351.jpg,0,47.5901888146112,6.71081626181208,1.16430328416149
image_0352.jpg,0,46.0452205229569,7.56155926424243,1.74377782274383
image_0354.jpg,0,43.1355131595519,7.18604082722397,2.55036467024424
image_0356.jpg,0,56.8875196619893,6.98548153346166,1.2127824637705
image_0357.jpg,0,37.7215028422357,6.65591646456561,1.43968119546754
image_0358.jpg,0,39.5367969556391,7.34393746385872,1.75875657526145
image_0361.jpg,0,39.3434380382227,6.91674327334645,1.49562778587142
image_0362.jpg,0,45.2722532922736,7.45658981552718,1.88286304589567
image_0363.jpg,0,40.6844688962259,7.12983647709377,1.3662483310661
image_0365.jpg,0,39.8477987026399,7.25308065396862,2.56750890178749
image_0367.jpg,0,49.1307699976289,7.01792658569387,1.50907786728714
image_0368.jpg,0,44.9508206310401,6.70822473322675,1.26793794631729
image_0369.jpg,0,43.690685492473,6.73226833534947,1.37783948055484
image_0370.jpg,0,47.3588902128212,7.52889391045037,2.68234190547067
image_0371.jpg,0,43.6039692721386,7.34351825567801,1.50354361185213
image_0372.jpg,0,38.8726211260715,7.20570815213721,2.70502374204455
image_0374.jpg,0,43.5639906811033,7.39792501586043,1.72791207154207
image_0375.jpg,0,42.0836637291731,6.45359696359143,1.29156339402249
image_0376.jpg,0,42.4657913651223,6.80079140020022,1.21222871704614
image_0377.jpg,0,41.2332145868261,7.35373267403479,3.13542366641127
image_0379.jpg,0,49.8579605357719,7.50444048546439,1.54344518934418
image_0380.jpg,0,45.8865024246485,7.44735388049936,2.8422113462936
image_0381.jpg,0,47.3030243767663,7.60129942289001,1.67140894849812
image_0382.jpg,0,40.4119036845127,6.79278083594262,3.30276770550272
image_0383.jpg,0,43.8826757511526,6.67002035713783,2.5593830313924
image_0384.jpg,0,52.9003314560614,7.04191175628171,1.32779574257081
image_0386.jpg,0,46.1890601107884,7.49985311316151,2.78937489079972
image_0387.jpg,0,49.5051696349836,7.07473668836133,1.39338610125993
image_0388.jpg,0,33.7161951579365,7.11214309754835,3.15076544986598
image_0389.jpg,0,48.7071931441701,6.84229665881437,1.04350195339108
image_0391.jpg,0,44.8959996876887,7.45086517676635,1.53580152847731
image_0392.jpg,0,40.1774238310872,7.02991893763293,1.33452617585687
image_0393.jpg,0,39.0939016879904,7.2244573767002,2.81430195794369
image_0394.jpg,0,45.7744218543835,7.43939327857793,1.63413381268901
image_0395.jpg,0,42.7936044357542,6.73157588428146,1.53940812689791
image_0398.jpg,0,41.7921463609499,7.19723911614798,1.47345407675375
image_0399.jpg,0,49.5083855791971,7.16900471820099,1.21899472320734
image_0400.jpg,0,48.2214375634734,6.27791815233362,1.18155561813666
image_0401.jpg,0,51.7766537630465,6.9033681781169,1.18334341626026
image_0402.jpg,0,43.0281316473487,6.96022232229337,1.28895960977604
image_0403.jpg,0,44.6475920821636,7.33175868454816,1.61045217096758
image_0404.jpg,0,41.5700183226011,7.36339666092121,2.87869423314145
image_0406.jpg,0,45.6751304421406,7.23076094175428,2.58943645864558
image_0407.jpg,0,46.7155794427006,7.01477652907531,1.28530977818542
image_0408.jpg,0,37.3267886431317,6.63751576950518,1.32643777773047
image_0409.jpg,0,40.0602447275804,7.33777672581592,2.83967520918545
image_0410.jpg,0,47.8406002706874,6.13777387497205,1.00928224686029
image_0412.jpg,0,34.9812939275201,6.76577405874195,1.32675700222439
image_0413.jpg,0,45.2318051604474,6.37866318255357,1.26347950413804
image_0414.jpg,0,49.1416277481785,6.70270317690463,1.22321255927191
image_0416.jpg,0,44.14522549443,7.28177963519125,2.66459403181363
image_0417.jpg,0,46.9385853927739,7.4813769258805,2.80950328217456
image_0418.jpg,0,44.5095263164614,6.87881849928918,1.26737395869371
image_0419.jpg,0,42.3757383091199,7.30291554904191,1.490233201247
image_0420.jpg,0,44.0285843640341,6.68653893222886,2.30086684401007
image_0422.jpg,0,56.6085154113608,6.72701718415809,1.17472107331728
image_0424.jpg,0,49.3030008497411,7.06187449854701,3.09473314082193
image_0425.jpg,0,43.9190233619783,6.85141858380818,3.329365234375
image_0426.jpg,0,55.0158507609214,6.29147829688096,1.00889033741016
image_0427.jpg,0,40.9760305428388,7.34405736227578,3.0269669921875
image_0428.jpg,0,22.9003440324733,5.82540289200665,1.35142504736322
image_0430.jpg,0,48.4678327032403,6.93465653004073,1.34103062552511
image_0431.jpg,0,47.7865425655518,6.72374844637237,1.2318380421288
image_0432.jpg,0,43.9376667312645,7.45329718522466,2.5304484817217
image_0433.jpg,0,34.41012768794,6.72370715204658,1.5582852325214
image_0434.jpg,0,46.309758605952,7.02024612109971,1.55635353165102
image_0435.jpg,0,40.7964614558237,7.12894918451049,2.60763336368865
image_0436.jpg,0,48.8535343328011,7.52514280509498,2.73535930378022
image_0437.jpg,0,38.968207358486,6.78880598135791,1.37222855425123
image_0438.jpg,0,49.1753489671736,6.48270110196484,1.27397599160914
image_0441.jpg,0,46.2424020733791,7.52197238304177,2.7454395247555
image_0442.jpg,0,48.5575915533773,5.79161654826819,0.820414498173148
image_0443.jpg,0,46.531050629657,6.48971388251417,1.30759097880494
image_0445.jpg,0,44.7630459989408,7.37199971898356,2.70028715773512
image_0446.jpg,0,44.4799253108434,7.24556658320875,1.44017511183216
image_0447.jpg,0,40.5394196400121,6.74635630330503,1.29836335979047
image_0448.jpg,0,45.280710451379,6.83117064056155,2.6605211578857
image_0449.jpg,0,46.5161518568713,6.59074775574946,1.26987578108388
image_0450.jpg,0,51.2908986649114,7.04833086524057,1.17186309449308
image_0451.jpg,0,45.6335822091813,6.54045634278356,1.14462605964325
image_0452.jpg,0,39.1441375016703,6.97054029916616,1.42003752772246
image_0453.jpg,0,44.0149003047378,6.74368562430074,2.74588699091812
image_0454.jpg,0,45.768407307153,6.99019489157013,1.39184868470203
image_0455.jpg,0,34.9944941716605,7.04557284399533,2.9384687129663
image_0456.jpg,0,49.7892146762588,6.49224348587687,1.24536979072283
image_0457.jpg,0,47.3418484152329,6.26733592598218,1.16266682806005
image_0458.jpg,0,39.3098185186738,7.27008044698567,1.69536635730928
image_0459.jpg,0,44.1490916683941,6.81194339628644,1.30231365580848
image_0461.jpg,0,44.2920390875127,7.30208983716902,1.91007198210685
image_0462.jpg,0,41.9818868037954,6.70645784317283,1.27665162072133
image_0463.jpg,0,52.7266111293176,6.47841323519573,0.929187101466472
image_0464.jpg,0,44.7076745357045,6.42986644985683,1.1775683281398
image_0465.jpg,0,45.946870931537,6.77338566085161,1.21669769306382
image_0466.jpg,0,49.78145945116,7.58028902361135,2.91372008406795
image_0467.jpg,0,41.7469365628202,6.56713813171948,1.18355166010596
image_0468.jpg,0,50.4932866060909,7.38292002358103,2.24427032470703
image_0469.jpg,0,45.5324032017324,7.21533523434097,2.71094364065669
image_0470.jpg,0,28.8668462053915,6.85124861737853,1.65242764057009
image_0471.jpg,0,47.7661344304605,7.55775572478124,1.74880004980704
image_0472.jpg,0,49.4297797263295,6.78217671128388,1.23547857224897
image_0473.jpg,0,45.6137338777092,7.22623462083957,1.38790283203125
image_0474.jpg,0,48.1635596644766,7.49597841738383,2.97740703029842
image_0475.jpg,0,48.3035349992953,6.43304654320836,1.05719721173714
image_0476.jpg,0,44.0926350194946,6.84819920158527,1.24479278210683
image_0477.jpg,0,42.4679386306027,6.75783614637373,2.82247543383813
image_0478.jpg,0,48.2541942665342,6.94185574933604,1.40923080685376
image_0479.jpg,0,45.4510669195846,7.49088433117705,1.66948786891493
image_0480.jpg,0,44.4383801646709,7.38413708666704,2.618842096612
image_0481.jpg,0,48.3618517300645,6.45176712639283,1.11961232174826
image_0482.jpg,0,48.2468290136371,6.71199128611731,1.38179333495933
image_0485.jpg,0,41.9596063708842,7.30423796505943,1.58427845573658
image_0486.jpg,0,48.7953450922813,7.61752439341822,2.69322801298832
image_0487.jpg,0,46.4319016096486,7.07356818389897,1.41019059468377
image_0488.jpg,0,30.6429666555799,6.3041029527584,1.3563335865969
image_0489.jpg,0,39.2594074284449,6.56866932839794,1.27639636352246
image_0490.jpg,0,43.3236937170539,6.57581235604331,1.21767040726029
image_0492.jpg,0,47.8878090229372,7.11555100092973,1.13029368432849
image_0493.jpg,0,46.4654851374812,7.05471594029583,1.34327115366332
image_0494.jpg,0,55.3088628491766,6.88047912462915,1.2460620437876
image_0496.jpg,0,45.8966284859167,7.21297100081413,1.34109646026624
image_0497.jpg,0,50.2702422292397,6.32059654142791,1.19710654292789
image_0498.jpg,0,43.3297702067214,6.85019982283327,1.30388550580242
image_0499.jpg,0,48.5440295556775,6.68999803357038,2.59748153921809
image_0501.jpg,0,41.0665799458108,7.23388424247992,2.72331596171307
image_0502.jpg,0,48.8452970720956,7.46330871688535,2.58453527611133
image_0503.jpg,0,43.8730670149425,7.60624056727091,1.76685993816144
image_0504.jpg,0,59.3428803299368,7.02654837990816,2.80351307189542
image_0505.jpg,0,53.711847547884,7.12487937120935,1.25991170188923
image_0506.jpg,0,44.9441437589406,7.41543253337727,1.72266817384005
image_0507.jpg,0,12.6398740757018,5.24131110832879,0.279972735210293
image_0508.jpg,0,42.1912421794701,6.80447715033834,1.22883355965605
image_0509.jpg,0,45.3165618633199,7.24550576389714,2.56668515656163
image_0510.jpg,0,44.7564656831643,6.75112373594181,1.27926241359156
image_0511.jpg,0,44.4143816997547,7.48903218480012,2.87926935086584
image_0512.jpg,0,45.3232378751475,6.62309409560116,1.32632109332771
image_0514.jpg,0,22.982151854684,5.8180545591877,1.70124457498013
image_0516.jpg,0,40.5348809893995,7.31052947478827,1.71620568245516
image_0518.jpg,0,38.3230144604394,6.51078092595345,1.21877419734205
image_0520.jpg,0,38.9632087292459,7.25156296245716,3.00559852847389
image_0521.jpg,0,46.1926935186546,7.32470082215011,1.59000422170048
image_0522.jpg,0,40.6774024856056,6.91919152474156,1.35016593640726
image_0523.jpg,0,43.179970732775,7.10120163696118,1.19326661749318
image_0524.jpg,0,45.9236690191446,7.39365245284034,1.53745864935276
image_0526.jpg,0,36.0299417551086,6.78234817676188,1.37888414566793
image_0528.jpg,0,50.9109397914558,7.38729393604882,1.49508243507704
image_0531.jpg,0,46.5741876150387,7.0498795578929,1.31941714970853
image_0532.jpg,0,38.3088730833477,7.12655831789279,2.77294115935739
image_0533.jpg,0,47.0103776657948,6.96112001454632,1.30219327671655
image_0534.jpg,0,80.9391604859337,7.0424673137654,239.365077174329
image_0535.jpg,0,39.1536018486951,6.56472630246627,1.26318702561352
image_0536.jpg,0,48.2578931221907,7.1955958055642,1.24237885048577
image_0537.jpg,0,44.3364090754876,7.5312002534059,2.99853946864964
image_0538.jpg,0,44.7366596503453,6.97495516972605,1.27948634177679
image_0539.jpg,0,80.4940723282345,7.04012767030035,237.517226653122
image_0540.jpg,0,44.6894282379307,6.9912199133145,1.3784356007172
image_0541.jpg,0,39.799219739788,7.42300331538201,3.10075869885793
image_0542.jpg,0,53.5438491582332,7.49767086343148,1.62121996163166
image_0543.jpg,0,37.8389028089221,7.04624226146445,1.61556134376264
image_0544.jpg,0,41.8292517558914,7.19547904751619,2.6617136919479
image_0547.jpg,0,40.4361696905776,7.32523126736405,1.43998636914378
image_0548.jpg,0,51.3431664751961,7.63310794982144,2.52103146499393
image_0549.jpg,0,49.0108894469776,6.5521085725378,1.24198824573076
image_0550.jpg,0,44.5186305356615,7.3670418727328,1.68174637628251
image_0551.jpg,0,16.2319915214993,5.77514681576539,1.29589470987399
image_0552.jpg,0,45.1042629669026,7.49891606609558,1.72307491804627
image_0553.jpg,0,45.4148358528541,6.51954366416868,1.28423637104029
image_0555.jpg,0,39.3977613770299,7.26823020628988,1.63557224076422
image_0556.jpg,0,39.6092707975365,6.73262302883221,1.33166261190884
image_0557.jpg,0,47.5830781486449,6.46117807089949,1.1261212061306
image_0558.jpg,0,45.5461708698423,7.55117697289356,2.86080764721127
image_0560.jpg,0,78.24774987999,6.85919395039824,232.991226481109
image_0561.jpg,0,51.9618600077532,6.84465754709049,1.04070223813541
image_0562.jpg,0,44.638281501455,7.03071079575827,1.55884752370343
image_0563.jpg,0,50.9997232782392,6.40036326089233,1.04363534100185
image_0564.jpg,0,48.6431131107309,6.90244538081892,2.79621641249092
image_0566.jpg,0,55.4152014683755,7.6235365073136,2.59296940386225
image_0567.jpg,0,44.0630972523706,6.94936194391271,1.38832004431565
image_0568.jpg,0,42.5586763798213,7.36742928052101,2.71471806929456
image_0569.jpg,0,48.7419504763796,6.50674623860967,1.29603307137101
image_0570.jpg,0,41.70709830065,6.72882505534534,1.28491389488366
image_0572.jpg,0,43.8932021621313,6.95611557681172,1.50269828699992
image_0573.jpg,0,39.6316407401716,7.30804513488403,1.58893770849686
image_0575.jpg,0,46.5885760940955,6.87446361870289,1.18059501522722
image_0576.jpg,0,17.6440131007389,5.68478930533273,1.27755046124191
image_0577.jpg,0,47.0683079246706,6.99216735446551,1.32539565520612
image_0578.jpg,0,40.6620345322165,7.29239274733911,2.90272977754667
image_0579.jpg,0,40.4647682368027,7.2039955722478,1.6163425491665
image_0580.jpg,0,46.0672830492669,7.33589040451012,1.29893324110243
image_0581.jpg,0,47.9447580165066,7.15096415912516,1.38255689333913
image_0582.jpg,0,45.341080193004,7.43874809603021,1.61557164555989
image_0583.jpg,0,38.2632440061642,7.26537635542745,1.61994223456698
image_0584.jpg,0,38.0047096225801,6.73828540547205,1.32872952997599
image_0586.jpg,0,45.873382661096,7.48798760215377,1.59096013486775
image_0587.jpg,0,43.4120634709825,6.92565779216245,1.20329256959904
image_0588.jpg,0,14.2865355126764,5.63343466901721,0.418474349931664
image_0589.jpg,0,44.5733394598615,7.30922950771098,2.57528892287774
image_0590.jpg,0,43.4085909326776,6.68539638192781,1.1584700691367
image_0591.jpg,0,47.7847264058851,6.85389603089911,3.2171240234375
image_0592.jpg,0,45.6719404800283,6.89294493657797,1.39778216174363
image_0593.jpg,0,56.946678525613,7.3284721651838,2.29900738769931
image_0594.jpg,0,59.1514136871504,6.9976576982288,1.0823416201079
image_0595.jpg,0,52.6785572820674,6.97359478681896,1.22682479146417
image_0597.jpg,0,46.4626392961996,6.8783736119452,1.35929376892416
image_0600.jpg,0,46.9967239033141,6.8024174011422,1.21008195258556
image_0601.jpg,0,41.1036342480566,7.31351972774892,1.65212384751551
image_0602.jpg,0,47.4241134096382,7.48439002047111,1.61232321994856
image_0603.jpg,0,9.85459155237862,5.2820079581289,0.335625835269285
image_0604.jpg,0,40.8181791412424,7.40990979790448,2.87856633935683
image_0606.jpg,0,46.4140815780081,7.54147390219502,2.7985136687324
image_0607.jpg,0,42.1032769522559,7.22988614832354,1.78857226092622
image_0608.jpg,0,48.1410858940912,7.2761371540074,1.54883176888993
image_0609.jpg,0,52.4843749292539,6.81910954315951,1.11458762348781
image_0610.jpg,0,41.7743888808326,7.35248599388912,1.7771959252451
image_0611.jpg,0,55.0983271341467,7.41432123109416,1.389391261667
image_0612.jpg,0,49.803945836192,7.06673697366374,1.27746950958025
image_0613.jpg,0,44.2983545638465,6.77162530299126,2.45311567351618
image_0614.jpg,0,51.1353593519781,6.37294277512585,0.851600155025483
image_0615.jpg,0,46.3539483644474,6.5786850157963,1.31519881605465
image_0616.jpg,0,38.0326672995396,7.1401269949242,1.59195065062798
image_0619.jpg,0,29.5168583200724,6.46530799729548,1.55947260317055
image_0620.jpg,0,41.1650740821747,6.56476683051473,1.39548314449904
image_0621.jpg,0,36.7403356074413,6.56607884844418,1.50123813454395
image_0622.jpg,0,51.1135741134863,6.90409135521677,2.56059221777122
image_0623.jpg,0,40.1523354114686,6.8664364526253,1.43411645938583
image_0624.jpg,0,41.1121274074699,6.91301893868283,1.31410712254345
image_0625.jpg,0,28.2171213680817,6.4973345028846,1.41533999526565
image_0628.jpg,0,40.5163000682254,6.98417313293494,1.28914350669676
image_0629.jpg,0,45.5313719716671,6.67553790780853,1.31213392454315
image_0630.jpg,0,47.3123647506969,7.4608758146186,3.14034093762555
image_0631.jpg,0,43.813365989631,7.45477186789613,2.88577269293424
image_0632.jpg,0,39.6329944524089,7.31265873030227,1.52830749320386
image_0633.jpg,0,45.8696867640663,6.94768636585448,1.4270115094066
image_0634.jpg,0,46.7438105369268,7.46116000357657,1.4192166240955
image_0635.jpg,0,44.0045725487367,7.37058864361847,1.8330841486133
image_0636.jpg,0,42.3210820137261,7.07343615306411,2.62309654735877
image_0637.jpg,0,46.7911456654395,7.50847117985376,1.56286319084198
image_0638.jpg,0,41.3248747757083,6.65398719881773,1.24151138687935
image_0640.jpg,0,41.5113648818281,6.90355657366936,1.39698561225011
image_0641.jpg,0,44.8236324965294,7.56086180358605,2.08174088857706
image_0643.jpg,0,40.107215062858,7.34817378594936,2.9431536908935
image_0644.jpg,0,49.8267409814317,7.32460437195595,1.47827088056472
image_0645.jpg,0,49.358965808257,7.48901609500778,1.90718015477775
image_0646.jpg,0,41.5098488518233,6.77317213568183,1.40390356861918
image_0647.jpg,0,41.0144625416823,7.41280229111331,1.47058893475792
image_0648.jpg,0,39.75538449261,6.95505903358047,1.26217897391454
image_0649.jpg,0,43.6020031162393,7.46372583795624,1.5362767002574
image_0650.jpg,0,43.5169632061007,6.74553711932405,1.37650692915497
image_0651.jpg,0,43.3578124027174,7.48676275271668,1.53402177777638
image_0652.jpg,0,47.1168422556551,7.5164257440698,2.6182977260824
image_0653.jpg,0,55.8602358244063,7.07683918514176,1.16154889616961
image_0654.jpg,0,44.0426550826163,6.84003835184733,1.34165254907648
image_0655.jpg,0,40.1221766621751,7.16073756958833,3.0068838273744
image_0656.jpg,0,40.4958710947121,7.28105821871368,2.76988852896341
image_0657.jpg,0,35.3176616261868,6.86681908205611,1.47389077598008
image_0658.jpg,0,43.0344424207507,6.98533205550238,1.3743994113228
image_0659.jpg,0,50.701824598908,7.54805552770086,2.52139103288153
image_0660.jpg,0,45.5984964574215,7.33988511468777,2.68724479798746
image_0661.jpg,0,41.9093212953367,7.30848503223492,1.60211789828673
image_0662.jpg,0,43.6456676410503,7.39398317784737,2.66300296640038
image_0664.jpg,0,56.5019374195301,6.62490438780688,1.025204315831
image_0665.jpg,0,42.3196171187249,7.16902277887418,1.39791281434911
image_0667.jpg,0,33.8815389493825,6.75534783033657,1.50150166376426
image_0669.jpg,0,45.1207483210715,7.20090048879566,1.42469566746762
image_0670.jpg,0,50.9946430281493,6.64307713955301,1.10319544433645
image_0671.jpg,0,45.1640052034893,7.54783827360357,1.72083730025388
image_0672.jpg,0,37.5042577679868,7.30038814395559,3.23136823621064
image_0673.jpg,0,42.873395575604,6.79142218558845,1.27701075962549
image_0674.jpg,0,52.1638456666176,5.82468349366476,1.08579322454747
image_0675.jpg,0,47.7490746516407,6.74128572849061,2.88377436891082
image_0676.jpg,0,40.8821871004095,7.28132192954475,1.704355001836
image_0677.jpg,0,47.3360121150125,6.94374126213655,1.32860672177291
image_0678.jpg,0,46.3229466124678,6.88851583917635,1.30848715675838
image_0679.jpg,0,42.4343789014929,7.37924723554029,3.06372421313399
image_0680.jpg,0,40.7543541439339,7.31430265418913,1.85976268944138
image_0682.jpg,0,32.6563656237965,6.55582292830851,1.38241090030263
image_0683.jpg,0,38.6524914055618,6.44199668497045,1.2958469736046
image_0684.jpg,0,44.9828581617926,7.47165290757794,2.75814966558923
image_0685.jpg,0,45.2302681264092,7.40972075886393,2.7099919172764
image_0686.jpg,0,47.5387631290602,6.51912564152859,1.15127843872212
image_0687.jpg,0,51.8320557128272,7.57200628684972,2.81853738384674
image_0688.jpg,0,55.354380089196,6.71480760918131,1.18854919424078
image_0689.jpg,0,43.3869500765496,6.82215696841659,1.28367907937177
image_0691.jpg,0,52.1218841715806,7.35332712435557,1.43550319895245
image_0692.jpg,0,43.2734694194885,6.63286150892576,1.2930491742583
image_0694.jpg,0,43.7091410455223,7.01849633086896,1.36934149707118
image_0695.jpg,0,39.1098655114299,6.56113283227681,2.45617318130238
image_0696.jpg,0,40.4667125015505,7.35210083157236,2.96907661534563
image_0697.jpg,0,48.7423147451492,6.86735216409712,1.29965974655886
image_0698.jpg,0,42.7835516095566,7.44732153837518,2.95299829909453
image_0699.jpg,0,46.9161688361079,7.52940502679068,1.66941314217932
image_0702.jpg,0,42.3430579154296,7.40128720163619,1.56291240895324
image_0703.jpg,0,42.1204604674475,6.74858458925552,1.35872131970964
image_0704.jpg,0,35.6501624441615,6.9981651368181,1.86612788845748
image_0705.jpg,0,49.9944889973665,6.8222055262663,2.80701632431652
image_0707.jpg,0,49.6901907378623,7.33185640001589,1.36571723981871
image_0708.jpg,0,46.7539325982362,7.64907845146265,3.03779898919135
image_0709.jpg,0,32.817488376768,6.45525949975922,1.33844043339956
image_0711.jpg,0,26.5013632653427,6.27190516385234,1.4636724389501
image_0713.jpg,0,41.7581199762591,7.450493965846,1.97745380393973
image_0714.jpg,0,43.3206913272951,7.34890070949973,1.48311796523661
image_0715.jpg,0,42.7613641480631,7.30150228065152,1.65946837933394
image_0716.jpg,0,51.5125681551349,7.28024660388101,2.70526265550801
image_0717.jpg,0,47.1050285531078,6.54691802857228,1.17798070762514
image_0718.jpg,0,49.3742210517227,6.90861143320075,1.15834747368248
image_0721.jpg,0,57.2696095964217,6.96044504688625,1.18077650650977
image_0722.jpg,0,45.8585380238556,6.93369790742787,1.30650498122642
image_0723.jpg,0,36.6482553663802,6.64955311257426,1.3362261620619
image_0724.jpg,0,46.4810299123636,7.38331188162025,1.63477332223878
image_0725.jpg,0,44.1496350152825,6.68807985833733,1.18099801497116
image_0726.jpg,0,44.2871555698255,6.85108647463139,1.41256148769587
image_0727.jpg,0,41.0107794195866,7.45323363175353,3.0557830101953
image_0728.jpg,0,40.3436241133948,7.06584822250913,2.68223584223338
image_0729.jpg,0,44.6754231799499,7.07698318095942,1.30030450526001
image_0730.jpg,0,51.3499439528662,7.12211141194272,1.25902538673168
image_0731.jpg,0,39.0361663626737,6.72098939615015,1.36008585058964
image_0732.jpg,0,39.3371005682005,6.53566768831422,1.41613685535808
image_0733.jpg,0,40.4720111814967,6.72505443028928,2.48436770631307
image_0734.jpg,0,49.6354694835278,6.96660097634145,1.1630526405386
image_0735.jpg,0,40.9486568345528,7.3620977477618,1.66656471783425
image_0736.jpg,0,38.2443456545162,6.62981133618929,2.28661150075879
image_0737.jpg,0,41.0760879671214,7.36423108572839,1.65916351010101
image_0738.jpg,0,48.9525974904395,7.57369098889954,1.86799451496091
image_0739.jpg,0,37.9739843741664,7.02708255459532,1.34784682905589
image_0741.jpg,0,39.4040944041171,6.86301096526564,1.51660215268685
image_0742.jpg,0,50.7102979911264,7.17371530070599,2.22381743528218
image_0743.jpg,0,44.8728079284661,7.33489547725975,1.56202602153682
image_0744.jpg,0,45.1425793020941,7.38542943491907,1.51722419389911
image_0745.jpg,0,49.605238776309,7.47825860019714,2.87675396807782
image_0746.jpg,0,55.9607013964504,7.07808361431048,1.04866390929481
image_0747.jpg,0,46.9277676528417,7.41956448629337,1.87865226419297
image_0748.jpg,0,45.0154459192677,7.37225220282827,1.78037527049389
image_0749.jpg,0,46.4247408741067,6.45503390679106,1.23111673064145
image_0751.jpg,0,44.5251526282737,6.58616165784267,3.06890587127759
image_0752.jpg,0,44.5212817860421,7.2224203526029,1.48290146867418
image_0753.jpg,0,44.9731381158011,6.66943691289817,1.24160989364573
image_0754.jpg,0,41.7757022418011,7.37799061200678,3.32670904303915
image_0757.jpg,0,46.7469704568,7.48300116300363,1.43410247752125
image_0759.jpg,0,42.5771244956201,7.08060440611286,1.4060571427472
image_0760.jpg,0,48.1990514865418,7.51424070209534,2.81553544882338
image_0762.jpg,0,72.2652403920827,6.67094421994812,214.721984939052
image_0763.jpg,0,41.5548589990474,6.56591315320089,1.236543794193
image_0764.jpg,0,54.6998751864854,7.45771813149695,2.30674998581265
image_0765.jpg,0,42.8055874069846,7.4536907832789,2.96448154617444
image_0766.jpg,0,48.1306062439286,6.50423141838247,1.14136148223807
image_0768.jpg,0,49.011743861587,6.88692940221301,1.40758938576947
image_0769.jpg,0,42.5673302610575,6.39947006326902,1.15415378505227
image_0770.jpg,0,36.3084286729793,7.12356052268675,3.15645683862167
image_0771.jpg,0,44.483921817664,7.12137910282728,1.37998301084381
image_0772.jpg,0,43.1222304433261,6.76039198927368,1.29124890511029
image_0773.jpg,0,42.8005238439925,6.89687321665016,1.44337650226167
image_0774.jpg,0,33.2594471493598,7.01416348004634,1.86514192965662
image_0775.jpg,0,39.3600033319219,7.4098847616904,3.34651804413101
image_0776.jpg,0,43.8245027669849,7.40687837287327,1.438713942902
image_0777.jpg,0,45.165201419095,7.56186306129289,2.7826197042171
image_0778.jpg,0,41.7980998768117,7.43012310989559,1.69523214240474
image_0779.jpg,0,45.3591934743598,6.27383256921088,1.08777652898446
image_0780.jpg,0,44.1282431320019,6.93378267381694,1.39742992284878
image_0781.jpg,0,47.5489205643302,6.85047559025553,1.28270488084095
image_0782.jpg,0,41.0480444809786,7.12652171605483,1.66927702635751
image_0783.jpg,0,50.8493429874923,7.04236338607749,1.16124699055497
image_0788.jpg,0,55.393071468037,6.76635262204723,1.09157770602351
image_0790.jpg,0,37.4131256939612,6.68603596173918,1.34868235141474
image_0791.jpg,0,47.5381578885923,7.11391539193187,1.31894947608719
image_0792.jpg,0,51.8084351644633,6.42925808700434,1.00347380047386
image_0794.jpg,0,40.9126973642238,7.43186304328632,3.07200943284733
image_0795.jpg,0,66.9155721830597,6.97613008061575,2.28875326016508
image_0796.jpg,0,44.8934223256912,6.78938729274032,1.32116402232709
image_0798.jpg,0,44.0699909143734,6.53472536608102,1.32552181078688
image_0799.jpg,0,39.599104696805,7.3268532237124,2.99600163619105
image_0800.jpg,0,50.309443372865,7.60727921245107,3.04908821549349
image_0801.jpg,0,38.9889044881448,7.28507832062207,1.56814561762205
image_0803.jpg,0,43.906837031599,6.82615294790692,1.24666822005932
image_0806.jpg,0,48.4007725071267,7.41639042812791,2.50957933295683
image_0807.jpg,0,47.5054522358817,6.63882604766253,1.08509881770207
image_0809.jpg,0,48.6031912158706,7.53465961848486,2.45157174556213
image_0810.jpg,0,45.3699312188346,7.53599230870201,2.78680277093896
image_0812.jpg,0,38.7364411411294,7.2578754187675,2.95353308619033
image_0813.jpg,0,44.5486118827513,7.25143835364883,1.54818590769327
image_0814.jpg,0,38.1810088531126,6.56335265323336,2.28817361643921
image_0815.jpg,0,40.2616866680675,7.24545263100589,1.81102846476975
image_0816.jpg,0,48.6580298459879,6.83291404518696,2.72983780413571
image_0817.jpg,0,45.8007559867855,6.93392840966197,1.19363432948509
image_0818.jpg,0,40.5313988015977,7.08481970687173,1.56396582779121
image_0819.jpg,0,45.2620494442694,6.91101448365111,1.41105931914763
image_0820.jpg,0,45.8886346873674,6.83428753727403,1.43377051810957
image_0821.jpg,0,51.4604845655198,7.55618481702543,1.66753782117357
image_0822.jpg,0,83.964030724659,6.25286122296212,1.79218470275046
image_0823.jpg,0,46.5637421445669,7.57239330299496,2.65036299729862
image_0826.jpg,0,42.8590053142969,6.82343638777485,1.39099360159765
image_0827.jpg,0,48.3683459984462,6.43396988021284,1.13416205389907
image_0828.jpg,0,40.3923794415178,7.37518202782756,2.83176540161085
image_0829.jpg,0,55.0261143177346,6.61331648997423,1.12317601248778
image_0830.jpg,0,28.0589383613976,6.27054825943476,1.98441259147359
image_0831.jpg,0,48.2145852831161,6.9838723043688,1.23084641658841
image_0832.jpg,0,40.2975127393731,6.7465210986531,1.41407288562286
image_0833.jpg,0,39.1076811537945,7.29949575209555,3.17902585632791
image_0834.jpg,0,45.5479111113721,6.48068234821021,1.13671172506472
image_0836.jpg,0,50.0968252177534,6.75235859542048,1.32291543069087
image_0837.jpg,0,41.9138199835556,6.83355536245428,1.41314785678526
image_0838.jpg,0,40.7915091203405,7.28207206257955,1.55561359159657
image_0839.jpg,0,47.5832017320727,6.81983550072755,1.24681695456027
image_0840.jpg,0,41.1416137676521,7.48574098054113,3.19319668000151
image_0841.jpg,0,56.1673895205733,6.92612174719381,2.8301053233969
image_0842.jpg,0,59.3006859076617,5.95014468692731,0.973114938507864
image_0843.jpg,0,51.1133762848538,7.46848407633699,1.44573722968876
image_0844.jpg,0,49.9793660009344,7.55050030130158,1.78872886386867
image_0845.jpg,0,63.3341237384348,6.46203519279993,0.677592581160703
image_0846.jpg,0,44.9653365909584,7.46223551954895,2.99563127143001
image_0848.jpg,0,39.7946785947086,6.73335289460683,1.41510164188841
image_0849.jpg,0,46.9033309916182,6.89183348343401,1.28826378478114
image_0850.jpg,0,47.5554194578975,6.55185621789796,1.18437465003985
image_0851.jpg,0,53.9024995625702,6.53276294242415,1.08029668765117
image_0852.jpg,0,43.6150476052272,6.80539859661099,1.17162704952253
image_0853.jpg,0,39.8800441032679,7.34905380451338,3.15804154829545
image_0854.jpg,0,41.7354882767442,6.81003766737365,1.40572715537352
image_0855.jpg,0,43.7137884948679,6.63042823955361,1.14730948968441
image_0856.jpg,0,37.4797650997745,6.6979300286959,1.38693641659793
image_0857.jpg,0,40.4178798447493,7.34250498983835,1.63687560818634
image_0859.jpg,0,37.3698257887973,7.15055604347849,3.22614081145959
image_0861.jpg,0,49.9456150492015,6.92832993077059,1.1311407555065
image_0863.jpg,0,45.4383851814983,6.37376653160184,1.13936808128216
image_0865.jpg,0,43.4550768235537,7.36122604024718,1.64105720024604
image_0867.jpg,0,44.780150815829,6.84166981976604,1.2844048078968
image_0868.jpg,0,45.8626877989368,6.86302689036587,1.3210991755112
image_0869.jpg,0,54.9541540930474,6.99284427435154,1.10584806400773
image_0870.jpg,0,40.3234880203495,7.20335237103014,1.91456088898288
image_0873.jpg,0,44.8077830772338,6.91986804820386,1.65567691212129
image_0874.jpg,0,49.3511174975122,6.1745392648008,1.04729685946964
image_0876.jpg,0,39.3511235214639,7.22641598193185,1.8066000166357
image_0877.jpg,0,49.7861531974785,6.92068848111539,2.73576166826747
image_0878.jpg,0,43.3850263242353,7.39482370100987,1.66373300304115
image_0881.jpg,0,38.2859261579524,6.74162638129784,1.31315763876257
image_0882.jpg,0,35.6192860211678,7.12994744689725,1.95162618561258
image_0884.jpg,0,42.1320901205767,7.40112731700591,1.4973846016823
image_0885.jpg,0,40.7256174368406,7.0800158173965,1.23629511869656
image_0886.jpg,0,46.9419816047405,6.78323703805738,1.09991828052902
image_0887.jpg,0,45.9967155727972,6.83490504256916,1.35169546946072
image_0888.jpg,0,51.4188712314232,6.58729035588243,1.15534384273633
image_0889.jpg,0,49.5793959890573,6.97504996434229,1.26792090190716
image_0890.jpg,0,48.050299341542,7.45033142690007,2.66926490759001
image_0892.jpg,0,44.5519871440125,6.8109082335354,1.32537782887365
image_0893.jpg,0,43.9280330710794,6.86323885977383,1.41218573337078
image_0895.jpg,0,41.8638023439781,6.94745946587843,1.46470058980381
image_0896.jpg,0,40.9688343275815,6.76967978521781,1.3716147996291
image_0898.jpg,0,52.9852339372566,7.15726115840276,1.1667873762818
image_0899.jpg,0,44.1737824159294,6.74301099739999,1.2828630473717
image_0900.jpg,0,56.2540639588659,6.94698013285749,2.81196339049359
image_0901.jpg,0,42.87931155494,7.1290377777732,2.60160237148669
image_0902.jpg,0,40.5257444972282,6.95834752272683,1.38805547183591
image_0904.jpg,0,38.0337648171499,6.52162887532105,1.33736882423683
image_0905.jpg,0,44.5352723284102,6.81070423123185,1.22052032932987
image_0906.jpg,0,48.4825691484524,6.78489551041598,1.11524100978673
image_0907.jpg,0,34.0031540515637,6.46712441431961,1.35399387659284
image_0908.jpg,0,51.7709025899281,7.54479051785832,1.66025705645161
image_0909.jpg,0,50.3840065500971,6.52198411165794,1.07262442705655
image_0910.jpg,0,41.3479314526197,7.32410305293401,1.6486309367497
image_0911.jpg,0,7.35134596349588,4.44966647756859,0.168765192387502
image_0912.jpg,0,37.4041665061596,6.54216838116322,1.34196075338811
image_0913.jpg,0,53.1854746685703,7.08565539559903,1.14013827339473
image_0915.jpg,0,47.3320396933838,6.68155348805449,1.23136531061588
image_0917.jpg,0,43.8414254543275,7.24320009674585,2.49390037506225
image_0918.jpg,0,48.7879718346695,6.48055575988169,1.09360020333371
image_0920.jpg,0,31.6470187640214,6.51174510689642,1.30860936476131
image_0921.jpg,0,47.3029212694871,6.48311961286735,1.06543791446388
image_0922.jpg,0,37.1861061933065,6.72482780358828,1.34604527846487
image_0923.jpg,0,49.001804919023,7.442320468686,1.70611168686224
image_0924.jpg,0,49.6072780521211,7.46766157933179,2.6237984491123
image_0925.jpg,0,41.0442684035909,6.72711950270374,1.37766661922224
image_0926.jpg,0,44.2305416326801,6.37897886315411,1.14888402512906
image_0927.jpg,0,42.8681488815126,7.45922233996898,2.92479339001225
image_0928.jpg,0,39.1772124691135,6.74317032371061,1.2127602047181
image_0929.jpg,0,41.180386504345,6.59796893720726,1.22694338488289
image_0931.jpg,0,40.9937156809733,7.41156682514892,3.1005841712093
image_0932.jpg,0,42.6480072986835,7.33357050483652,1.83963561714951
image_0933.jpg,0,43.0055669329537,6.81300567035023,1.19882813572539
image_0934.jpg,0,47.284640385401,6.31569119316278,1.20911982593066
image_0936.jpg,0,54.726239332025,6.98922434431134,1.25638340298744
image_0937.jpg,0,56.8501975856398,6.79396036094299,0.870491182583287
image_0938.jpg,0,44.8782278801721,7.084820745122,1.35187220638597
image_0939.jpg,0,39.9652752893281,6.64804560349781,1.30112965351467
image_0940.jpg,0,33.0712349439234,6.42683972563742,1.31695969459073
image_0941.jpg,0,73.9471100694003,6.78503230275796,1.24682799349754
image_0944.jpg,0,41.511537219195,7.33860227034418,1.67702872983871
image_0945.jpg,0,40.4714363919332,6.95815391934337,1.29234016221596
image_0946.jpg,0,41.3346091598158,6.85412678869349,1.41272415428486
image_0948.jpg,0,40.2362267228049,7.25683744138029,1.53725228179096
image_0950.jpg,0,42.1795172798236,6.80737152916786,1.24485508057488
image_0951.jpg,0,49.8695532716089,6.86969031138717,1.16603063622485
image_0952.jpg,0,44.4215728167965,7.35547626694797,2.75580548766872
image_0954.jpg,0,42.7830809468951,7.34662917066973,2.7473215012906
image_0955.jpg,0,45.2943582113779,7.50806204681384,2.79297297421844
image_0957.jpg,0,39.9090707478496,6.83054480290275,1.33838799608501
image_0960.jpg,0,43.4972204747553,7.27802823528422,1.60153482492321
image_0961.jpg,0,44.5666150630134,6.49931943241301,1.20969565332033
image_0962.jpg,0,32.1410110335437,6.66821210423189,1.45741434661536
image_0964.jpg,0,45.7853814561318,6.48085933561779,1.19818893703014
image_0965.jpg,0,46.4386012355053,6.94327350140461,1.05604020790092
image_0967.jpg,0,42.2030642868109,6.80172477727624,1.38337712325236
image_0968.jpg,0,44.887348785882,6.71613227338611,1.40319840432869
image_0969.jpg,0,52.4829376687147,6.93705007049145,1.16161036144248
image_0971.jpg,0,49.1001367533773,6.42817551525441,1.08378911934455
image_0972.jpg,0,52.1051762485603,7.4267940191351,2.92326901830808
image_0973.jpg,0,44.9283445940315,7.49652955145788,1.96487416881574
image_0974.jpg,0,42.9777357121599,7.35336766486593,1.581476171875
image_0975.jpg,0,42.3384114315405,6.95572855438684,1.32547048367511
image_0977.jpg,0,39.7877210545785,7.10211183474191,1.24500265960662
image_0978.jpg,0,43.4800867385323,6.83693292013236,1.28410566238825
image_0979.jpg,0,47.5923005269025,6.99580746942293,1.26837051009593
image_0980.jpg,0,45.0035405382427,6.45736120223959,1.3495557902994
image_0981.jpg,0,42.3272507443822,6.55392445316421,2.62820344157482
image_0982.jpg,0,43.1539948478176,7.37643164544755,1.74148079796394
image_0983.jpg,0,47.0717064722719,6.83585209709417,1.41088137813772
image_0984.jpg,0,15.6038552490076,5.44397824966616,1.55304728993001
image_0985.jpg,0,44.5094614861262,7.10799440494026,1.46329958734344
image_0986.jpg,0,45.0752183818821,7.47888264026064,2.7228407910077
image_0987.jpg,0,44.624389542639,7.2759099552745,1.43323253667156
image_0989.jpg,0,45.4318330410548,6.75757949879154,1.25148907617127
image_0990.jpg,0,43.8775106173296,6.79818374133978,2.64191622340682
image_0991.jpg,0,53.2921927180728,6.82226991560503,1.10298992877657
image_0993.jpg,0,43.2561637611997,6.87011168201578,1.31910450532403
image_0994.jpg,0,44.5163062034699,6.76135961710223,1.16374591853326
image_0995.jpg,0,52.3271089284609,6.4335554946222,1.13372226157724
image_0996.jpg,0,49.3783497491752,5.98847899992222,1.04987206554987
image_0997.jpg,0,41.1237152826203,6.54232485147712,1.30174885817397
image_0998.jpg,0,46.651228270687,6.79282154187833,1.47040471007703
image_0999.jpg,0,46.1104158858367,7.05891918998886,1.41130164595507
image_1000.jpg,0,39.1004332936367,7.04099422710178,1.35104346087598
image_1001.jpg,0,41.0893134815955,7.3850092586565,1.57087036722524
image_1002.jpg,0,54.4254242253075,5.98523703306479,0.834036053824396
image_1003.jpg,0,49.0620504499272,7.15435413111216,1.22252800241442
image_1004.jpg,0,48.7051617965077,6.90106221874056,2.630124173661
image_1006.jpg,0,41.792523635965,6.86459528433625,1.38600534271817
image_1007.jpg,0,47.2725293482574,6.99602453796832,1.34867039532572
image_1008.jpg,0,45.9792238223627,6.99502659512717,1.39067189841487
image_1010.jpg,0,43.1291755275158,6.80067663092678,1.34850698449667
image_1011.jpg,0,33.043322106713,6.64664224797567,1.39765340632393
image_1013.jpg,0,42.7660648623213,7.44384511167343,2.83102978110172
image_1014.jpg,0,45.5271163637766,7.22453310601753,2.76050627851051
image_1017.jpg,0,12.683097521128,5.4971163381197,0.454282048646255
image_1018.jpg,0,40.2701165770486,6.59142545543988,1.25417629980771
image_1021.jpg,0,42.9367504131113,6.37845551881329,1.38361283771796
image_1024.jpg,0,43.490073725384,6.35561686702087,1.14977486014247
image_1025.jpg,0,46.6868444381621,6.7478316500522,1.33125182528233
image_1026.jpg,0,43.6792876793409,7.03076032041269,1.40004302970918
image_1027.jpg,0,40.3391883830715,6.99694647357077,1.22904527351892
image_1028.jpg,0,43.4699118602409,7.05203358496352,1.44789077488098
image_1029.jpg,0,50.1924411933954,7.58037532242473,2.77897826903808
image_1030.jpg,0,44.3989130742184,6.73958952472019,1.25753543324382
image_1032.jpg,0,49.1042805992727,7.54566819716538,2.63950695600666
image_1033.jpg,0,38.838993482646,7.37693875425411,2.98426189637583
image_1034.jpg,0,42.5305827384867,6.76414283300143,1.41652950832375
image_1036.jpg,0,45.7188285844174,7.41828932197108,1.79811278132452
image_1037.jpg,0,41.3705622280033,7.29651491110732,1.46608958240548
image_1038.jpg,0,41.8392184334518,7.36527972745253,1.74561787767245
image_1041.jpg,0,36.4331905756649,6.81068718263085,1.47234283302549
image_1043.jpg,0,41.241204974084,6.94924123694678,1.34421761730995
image_1044.jpg,0,45.6258349636143,7.20297863299476,1.24968561643407
image_1045.jpg,0,39.6972462292256,6.62973980390991,2.3442900249121
image_1046.jpg,0,42.0754636252099,7.00669715023528,1.61534970843663
image_1047.jpg,0,48.7761355167487,6.24265760228088,1.18715525494665
image_1049.jpg,0,38.5814563012076,6.64081210090063,2.55224521907528
image_1050.jpg,0,48.869248900842,6.61176070372954,1.23123747544528
image_1052.jpg,0,44.1930042325805,6.86026897347125,1.29275809444884
image_1053.jpg,0,75.0908616052004,6.75197152790325,2.43461026385863
image_1054.jpg,0,49.7560550057439,6.96530919560792,3.24502678862451
image_1056.jpg,0,51.0573249517014,7.5886000249897,1.91559281603393
image_1057.jpg,0,43.3470404197191,7.27478193824949,2.76323846124697
image_1058.jpg,0,41.0775702872376,7.20572774029623,1.428899434941
image_1059.jpg,0,33.6389790747161,6.47341056917442,1.51569129957194
image_1060.jpg,0,39.6955191531437,6.49247036324078,1.28593901211921
image_1061.jpg,0,54.5115684145309,7.63814770148215,2.68851263759235
image_1062.jpg,0,47.3048440537476,7.16028431431206,1.3396657866519
image_1063.jpg,0,27.4448671992181,6.88324279077804,1.71248828584379
image_1064.jpg,0,49.4757842677883,7.45436476740806,1.54572304512901
image_1065.jpg,0,38.3296326813798,7.34280987802951,1.69744295525373
image_1066.jpg,0,43.5114020521035,6.7130038197341,1.40892404528702
image_1067.jpg,0,42.484210757613,7.12303125096643,1.44960906705755
image_1069.jpg,0,46.4786348654435,7.02531874627894,1.34437533460541
image_1072.jpg,0,37.4898669785542,7.2028176811105,1.45003072989554
image_1074.jpg,0,37.7618021004754,6.75210107103149,1.29853594547204
image_1075.jpg,0,53.823075956332,7.54155218306985,1.4030947380795
image_1076.jpg,0,40.0759482357355,6.8145479239542,1.32208080792538
image_1077.jpg,0,49.8005708370106,7.5615217370501,2.64208055632841
image_1080.jpg,0,38.9642615606349,6.5991904448822,1.27380311943981
image_1081.jpg,0,42.9179763242221,7.14753668865208,2.73123643988846
image_1082.jpg,0,48.0487809067926,7.13297789900157,1.3003454466819
image_1084.jpg,0,46.7053673169178,6.62171808888677,1.15687093908992
image_1085.jpg,0,33.0351736307294,7.00033035725744,1.6344469323568
image_1088.jpg,0,40.5401413429767,6.6615461138178,2.76973165091474
image_1090.jpg,0,50.7671006715112,7.48384689033233,1.56432319522973
image_1091.jpg,0,42.7895261302838,7.23092912656147,2.73966992345776
image_1092.jpg,0,44.0240325659353,6.95536760234531,1.45214140122978
image_1093.jpg,0,55.3401565233342,6.79481601968914,1.09458046107099
image_1094.jpg,0,39.3994158923565,6.72195703599193,1.40225629371317
image_1095.jpg,0,44.6791119966698,7.49511613894521,2.75709383392025
image_1097.jpg,0,46.2785126215733,7.22732030883867,1.4250075454465
image_1099.jpg,0,40.6778071551565,6.77439314744836,3.28316363790761
image_1100.jpg,0,58.3129834079379,7.05192853644712,0.972315849400855
image_1101.jpg,0,42.6534185501697,6.89245930203321,1.28708853184061
image_1103.jpg,0,44.9919091002251,6.42511631221342,1.30378397657161
image_1104.jpg,0,36.8440472812511,7.22199950588445,3.07921606294918
image_1105.jpg,0,43.6726116770477,6.53376940939771,1.15423870112927
image_1106.jpg,0,48.6091825836678,7.4022577251276,1.52948047668953
image_1108.jpg,0,39.3326735391843,6.70737471450461,1.35878520481427
image_1109.jpg,0,46.9297808249722,7.51746691032132,2.61985763799949
image_1111.jpg,0,39.9136460277749,6.9476168206959,1.36690823021499
image_1114.jpg,0,46.4629644271993,7.58246955789563,1.7380925108953
image_1115.jpg,0,44.6243433544644,6.76450259394504,2.626052783009
image_1116.jpg,0,36.0889317301477,7.29594993870519,1.96276309303298
image_1117.jpg,0,48.9050183578465,6.37035409771188,0.963305416658093
image_1118.jpg,0,45.3278767862904,7.25817317941888,2.68622041415434
image_1119.jpg,0,51.0255776551988,7.52795649292021,1.47507774265905
image_1120.jpg,0,50.5706784475549,6.98077137706775,1.42854508070647
image_1121.jpg,0,52.7487850151295,7.50065828298586,1.44423890850813
image_1122.jpg,0,44.8470666504368,6.60085168248949,1.35071180521246
image_1123.jpg,0,29.6353857186212,6.51258685826624,1.38558782264726
image_1124.jpg,0,38.9884699114895,6.71320892681905,1.37457716580041
image_1125.jpg,0,42.1209644817477,6.81469691812658,1.32727981895648
image_1126.jpg,0,45.8232902448374,7.63613774206357,1.88981277811489
image_1128.jpg,0,43.9261024246431,6.65498330074551,1.24783305977069
image_1129.jpg,0,31.6062119601537,6.54159871480389,1.29255366211402
image_1130.jpg,0,40.8157918262107,6.40625821764818,1.34441532905793
image_1131.jpg,0,47.6295305324296,7.05380359328779,1.39807962749351
image_1132.jpg,0,47.2850548648559,7.0740334802305,1.55921436434589
image_1133.jpg,0,45.7232230901631,6.51645104704036,1.16413705430443
image_1135.jpg,0,50.4690776610724,6.39020227293053,1.04586760896787
image_1136.jpg,0,48.3254936958635,7.5093374979214,2.7968132952179
image_1137.jpg,0,37.8362657773287,7.13895713068436,2.8367175614858
image_1138.jpg,0,45.5325244616489,7.4772385313611,2.71879189164755
image_1140.jpg,0,44.6209212795517,7.32449835574651,1.60440718060183
image_1141.jpg,0,44.1795625369341,7.19264023243275,2.6392262735575
image_1142.jpg,0,53.9532040883242,6.58090194222245,0.966611519229582
image_1143.jpg,0,45.5890778976796,7.61735967978361,2.91938809927209
image_1144.jpg,0,43.3407934687373,7.04614427092632,1.31597131842968
image_1145.jpg,0,45.4232477571939,7.42611064370112,2.88486717970309
image_1147.jpg,0,44.2062333721024,6.77685424876052,2.75255347061166
image_1148.jpg,0,41.8851080993766,6.84346339051361,1.30859820233577
image_1149.jpg,0,42.3735248066193,6.58709140231816,1.32672045084002
image_1151.jpg,0,37.8540758194601,6.82551054670868,1.40397285666161
image_1152.jpg,0,54.6545972608168,6.09536969546807,0.903560850806977
image_1153.jpg,0,47.5075118130333,6.74286745139577,1.19022552403646
image_1154.jpg,0,44.6570064875687,6.54179163874097,1.25439366732014
image_1155.jpg,0,43.339020447159,6.71709457994313,1.33407788102588
image_1156.jpg,0,48.9484674439063,6.81133744884374,1.33503087742196
image_1157.jpg,0,38.9101191678382,7.34798266651983,1.72179755531085
image_1159.jpg,0,48.5192538349328,6.69195719682591,1.20337885702048
image_1160.jpg,0,51.113459364828,7.50578329122067,2.67571529151389
image_1161.jpg,0,38.0361698451842,7.23702323342971,1.68185472507515
image_1163.jpg,0,52.140475025745,6.39918999955201,1.09236715572292
image_1164.jpg,0,40.9957227326734,6.64010303715538,1.17166669506005
image_1166.jpg,0,52.8743314390493,7.5981586554302,2.55952613467262
image_1169.jpg,0,59.4731287834966,7.14573845886266,1.32026801581257
image_1170.jpg,0,42.044835557432,6.9585740485187,1.44257862454022
image_1171.jpg,0,44.6235539210564,7.3590822979173,2.54492584938227
image_1173.jpg,0,54.7602612921689,7.56025457120954,1.40307922979798
image_1174.jpg,0,47.1919598197842,6.78633921049851,1.1510120646008
image_1175.jpg,0,49.8674908439878,6.48465028748076,1.00752982008492
image_1176.jpg,0,38.3707611066645,6.55779254829759,1.30838090466836
image_1177.jpg,0,42.7835374203274,7.20436526078471,2.69256079699418
image_1178.jpg,0,40.3881488659341,7.20910375998355,1.76964225892496
image_1179.jpg,0,42.8331524772566,6.88122448004802,1.3943597924219
image_1180.jpg,0,44.5435342337236,6.79723008358422,1.39708454378372
image_1182.jpg,0,48.1863740905971,7.38482906478677,1.63089022018218
image_1183.jpg,0,47.4032601261044,6.86790861285546,1.24572714342982
image_1184.jpg,0,43.0234232014462,7.22665975969408,2.72364729037622
image_1185.jpg,0,52.381737355776,7.26755065236534,1.45146468706127
image_1186.jpg,0,45.270423962473,7.41179738568408,2.67776888599303
image_1187.jpg,0,47.3442249021845,7.5727123766502,3.05078554001098
image_1188.jpg,0,50.1461401189083,7.51532563956582,2.39105680245078
image_1190.jpg,0,20.9240215023004,5.68511236103026,1.68291346110652
image_1191.jpg,0,43.417826364746,6.8729229471723,1.52502530692191
image_1192.jpg,0,42.1558165496795,7.22357829720559,2.65485516142921
image_1193.jpg,0,48.3376435599121,6.8843840366374,1.25584157153511
image_1194.jpg,0,43.0216636166554,6.72269070646906,1.22279112785649
image_1200.jpg,0,53.8269083151967,6.37310391573461,1.14835429443394
image_1201.jpg,0,43.9810341828373,6.99681636365325,1.35737739692791
image_1202.jpg,0,45.747002026413,7.02366478391293,1.44029632657007
image_1203.jpg,0,42.6958051594236,6.70166355533962,1.29124106364165
image_1204.jpg,0,40.4248530478638,6.8907476149463,1.57838990851653
image_1205.jpg,0,42.0928131171317,7.19271793079269,2.7597611274154
image_1206.jpg,0,48.3679328591391,6.85723172692464,1.17102464963892
image_1207.jpg,0,41.8724370940014,6.76514425858191,2.5761580543788
image_1208.jpg,0,49.6905422824436,6.63459755479616,1.03752947836081
image_1209.jpg,0,53.3485326851651,6.68831796641255,1.2276423143558
image_1210.jpg,0,43.2279119988882,7.41804579656169,3.2371619740099
image_1211.jpg,0,44.4652218159229,7.48737528308005,2.83990044110338
image_1212.jpg,0,47.2392644492362,7.52722442864018,2.62570437253733
image_1213.jpg,0,41.7354347496118,6.6733371109422,1.34373238164759
image_1216.jpg,0,39.3685159405096,6.63492099867257,1.2470997182913
image_1219.jpg,0,44.2706994533119,6.3376702175084,1.14170531150985
image_1220.jpg,0,44.4808217862772,7.00640712591228,1.47517273707968
image_1223.jpg,0,40.3054807749485,6.63711752341242,2.41716544498937
image_1224.jpg,0,46.1641697695077,6.6255613431784,1.14941942197548
image_1225.jpg,0,40.154041449183,7.25071974619288,1.72878674141743
image_1226.jpg,0,41.5843461305274,6.87675034169165,1.31401672168571
image_1227.jpg,0,40.7063722813278,6.86034365268033,1.3078207329721
image_1228.jpg,0,46.2671492878074,7.6104057759725,1.69477650972557
image_1229.jpg,0,40.2670946361587,6.681761815596,2.55083779133244
image_1230.jpg,0,40.3428770052659,7.04057207732211,1.37007432104559
image_1231.jpg,0,41.290676168827,7.27178569585019,1.814135634464
image_1232.jpg,0,43.0616964099576,6.87482132631245,1.31501370010503
image_1233.jpg,0,45.4794734087448,6.71830290765483,1.26818490085281
image_1234.jpg,0,49.2753411295693,7.38004962550964,1.30407699914645
image_1236.jpg,0,43.631482199539,6.40368365975542,1.1853891753568
image_1237.jpg,0,41.1305652865638,7.12991184688238,1.46200103518711
image_1238.jpg,0,41.9407306967179,6.67332181620858,2.57058150821883
image_1240.jpg,0,41.3385661107499,6.45054282066981,1.30802320664679
image_1241.jpg,0,40.1233202497626,7.33616653288707,3.22061987511336
image_1244.jpg,0,42.8115945078057,6.77842255099704,2.4734074484035
image_1245.jpg,0,42.9621889414573,7.10196225666821,1.59933546608406
image_1247.jpg,0,44.5024020844196,6.68754981558559,2.59993392578402
image_1248.jpg,0,47.0086203038203,6.82726488188179,1.15921429967348
image_1249.jpg,0,48.2493234343401,7.61709678924717,3.07866690183779
image_1251.jpg,0,44.0963112777757,6.63957059140787,3.22874851392663
image_1252.jpg,0,55.0525677976906,7.57383925997664,2.52791424382868
image_1253.jpg,0,51.1190157968115,7.50673269779769,2.74986773684079
image_1254.jpg,0,44.1195880496804,7.23490569995119,1.83074965761952
image_1255.jpg,0,45.0614742307915,6.7252307710676,3.17277640964674
image_1256.jpg,0,46.2175349105614,6.41806958777485,1.22810798473323
image_1259.jpg,0,39.1205832407425,6.48819200832833,1.28736550468134
image_1260.jpg,0,46.8484225098153,7.3215274376903,1.35673140855155
image_1261.jpg,0,50.2214110941838,6.68425492300749,1.26118347497445
image_1262.jpg,0,51.0137690690987,7.5986619771183,2.79267620634646
image_1263.jpg,0,56.0144795550826,7.65556326190973,2.47173615129887
image_1264.jpg,0,47.8302594238634,7.01992696379387,3.7007810377038
image_1265.jpg,0,48.633579788078,6.62849732460803,1.27457312142666
image_1266.jpg,0,44.5054581647639,6.89608307858207,1.13475528228589
image_1268.jpg,0,49.2741389966028,7.11909192521232,1.32434981850931
image_1269.jpg,0,51.0814919734123,6.82871275457228,1.13855944468451
image_1270.jpg,0,37.6588672412051,6.76144008349368,1.26920019731667
image_1271.jpg,0,39.3861578757916,6.93576202711719,1.44609800771897
image_1274.jpg,0,34.2577550127495,6.73766770074931,1.28582176021263
image_1275.jpg,0,43.2506861239004,7.29169340324455,1.50467408009065
image_1276.jpg,0,49.0737661617508,6.72958942473226,1.21535025464329
image_1277.jpg,0,54.5820638089089,7.61228418435999,1.75243621176862
image_1278.jpg,0,45.7279403716746,7.51387098998146,1.64872178819444
image_1280.jpg,0,41.2261487258017,7.39876273216359,0.515269707519138
image_1281.jpg,0,44.7362046173917,7.48025588032067,2.70717272000683
image_1282.jpg,0,43.1389430132747,6.74465839353723,1.18823536679791
image_1283.jpg,0,37.0111676698306,6.4049438344218,1.37894899248381
image_1284.jpg,0,52.8409948976345,6.81083707542051,1.19184328524624
image_1285.jpg,0,40.5577196731666,6.88427320954821,1.31563061055475
image_1286.jpg,0,40.2647886822422,7.43488972136108,1.88130930955497
image_1287.jpg,0,40.7656354316804,7.39221662665632,1.65562967649648
image_1288.jpg,0,28.8660947555924,6.44847190011733,1.39458747842754
image_1290.jpg,0,47.3738254284124,6.60903608272639,1.38656309493225
image_1291.jpg,0,40.2921007062738,7.14140857418805,1.4723869202629
image_1293.jpg,0,42.8790637219698,7.329495434186,2.06312021239554
image_1294.jpg,0,41.5021930028874,7.37942403504727,1.8896471101335
image_1295.jpg,0,41.3642963475476,6.74413535630896,1.21340647467979
image_1298.jpg,0,51.8972252851235,7.64623634165933,2.83272654539461
image_1300.jpg,0,53.6088579448943,6.51918798145497,0.962218929837919
image_1302.jpg,0,55.0847264727169,6.9771736885237,1.01684562147183
image_1304.jpg,0,48.9924123469516,6.85719570487269,3.21576874694426
image_1305.jpg,0,49.7662632742011,5.88644651811757,0.889707246672771
image_1306.jpg,0,43.2613370031823,6.95461757496376,1.38361961187532
image_1307.jpg,0,54.3027470947577,7.58744728364272,1.49031882802984
image_1308.jpg,0,50.3999855781201,6.69085632593852,1.03628358403468
image_1309.jpg,0,43.1501654988818,6.9879584579501,1.29871452178496
image_1310.jpg,0,47.8346489705588,7.3464412220003,1.47452669789592
image_1311.jpg,0,43.3409395416996,7.37435857856658,2.78916718718924
image_1313.jpg,0,46.8376174035417,6.95499438484372,1.32304966331863
image_1314.jpg,0,39.6723361707425,7.04880656196503,1.38608124575933
image_1315.jpg,0,22.9403182627619,6.22587614070414,1.43571876285631
image_1316.jpg,0,40.4406960050379,6.52426699135632,1.32899303885918
image_1318.jpg,0,49.8387231226494,6.81611547763657,1.27313419215397
image_1319.jpg,0,52.2745472633934,6.89685477964997,1.01456921209128
image_1320.jpg,0,41.2779112395358,7.33460970132405,2.80214757743695
image_1321.jpg,0,47.3193697411377,6.76549288608241,1.26379888245138
image_1322.jpg,0,56.3489241531006,6.22871491653947,0.968907765408168
image_1323.jpg,0,43.3713328914989,7.34909521423799,1.56033250762195
image_1324.jpg,0,46.8171962741165,6.79521871976216,1.35014109350349
image_1325.jpg,0,54.692969998055,7.53778545243294,1.40403044973377
image_1326.jpg,0,41.6993642891569,7.30795401137362,2.67128170992691
image_1327.jpg,0,45.5200326643361,7.41970783779072,2.68025452992371
image_1328.jpg,0,43.9623978578114,7.27395146013743,1.64492055532095
image_1329.jpg,0,44.2300986381025,7.36455222664124,2.57705415555132
image_1330.jpg,0,42.6575427654807,6.74971936041062,1.30351002625197
image_1331.jpg,0,52.7491293940245,6.41947089896351,1.09486772160147
image_1332.jpg,0,49.1847807270252,6.65486742081505,1.05166285984732
image_1333.jpg,0,54.5398043492042,6.60623964920966,1.24153705711972
image_1336.jpg,0,38.4543806671071,7.34004431610247,1.57331753233403
image_1338.jpg,0,45.388794272578,6.92352587724983,1.45839691742144
image_1339.jpg,0,49.5842186429511,7.61012837837352,2.75652352357522
image_1340.jpg,0,39.3598585655768,6.3794107991436,1.28185050281012
image_1341.jpg,0,47.2976729234894,6.43002585728979,1.21937512909081
image_1343.jpg,0,51.5338195817899,7.57396905016192,2.53475811298077
image_1344.jpg,0,49.4416422506196,7.49841776333102,1.58580802093941
image_1345.jpg,0,57.5423412774682,6.14570490536824,0.97100314834249
image_1346.jpg,0,42.3275414721189,6.57396914061899,1.35433133995596
image_1347.jpg,0,41.6141275768325,7.5205290845786,3.09285721505523
image_1348.jpg,0,40.7729081339589,6.96853604265904,1.29565891281308
image_1349.jpg,0,42.6919517348083,7.48714478215183,1.52794096589229
image_1350.jpg,0,43.3612848075346,7.08444982318704,1.35272793518396
image_1351.jpg,0,44.2958230655634,7.35002073101907,1.6516812240217
image_1352.jpg,0,32.8300522552421,6.47759189121712,1.36305670657446
image_1355.jpg,0,45.0077120388226,7.51412811338506,3.13112393465909
image_1356.jpg,0,44.9420547413443,6.7986380796043,1.16987539716022
image_1357.jpg,0,41.8058502047316,6.70945283389804,1.19733378747623
image_1358.jpg,0,44.1521622956073,6.75243060167869,1.3447320911701
image_1359.jpg,0,43.8830813137917,7.40126164169452,1.58006947589573
image_1360.jpg,0,46.1717230669128,6.82190429589708,1.12325576349246
image_1361.jpg,0,43.339447904773,7.41061833539524,2.73143729474548
image_1362.jpg,0,39.3163788671569,6.92358391470821,1.41783710324586
image_1364.jpg,0,37.7477627321451,6.70542068980243,1.47896929832997
image_1365.jpg,0,52.4564820794806,6.86765260927313,1.24120346726852
image_1366.jpg,0,23.9480621948999,6.33177942146849,1.34706567754078
image_1367.jpg,0,49.5243173350916,7.59464559828317,2.6798747859589
image_1368.jpg,0,41.8760552295321,7.33616052990179,2.83679432917515
image_1369.jpg,0,44.7080042312699,6.51268616771933,1.32657356001823
image_1370.jpg,0,46.8695868642794,6.81567111835851,1.50718321665722
image_1371.jpg,0,36.2851205756812,7.038401170961,1.82889504928315
image_1372.jpg,0,44.2250685587963,6.9612507686841,1.33966075195956
image_1373.jpg,0,46.2219736527833,6.81356007885875,2.67986508296327
image_1374.jpg,0,34.2220818394719,6.72829175490421,1.44296008128933
image_1375.jpg,0,54.5021334979754,7.68413245078706,2.6607970696794
image_1376.jpg,0,40.8149946614475,6.87995147073416,1.31690894887892
image_1378.jpg,0,44.4351098601748,7.13905988052918,1.26852219592798
image_1379.jpg,0,44.5400851790461,7.0733360176803,1.54605030684084
image_1380.jpg,0,37.0470408571633,6.48612623434748,1.34259246029369
image_1381.jpg,0,44.2662000034952,6.82452743379009,1.28885035577053
image_1382.jpg,0,30.2514274321516,6.41960221525768,1.40192225276735
image_1383.jpg,0,48.8266729414194,6.26102303125006,1.12060729367446
image_1385.jpg,0,35.4998849555422,6.83032513527763,1.41352564308799
image_1386.jpg,0,10.3736279235725,5.03128104964695,0.249392651411564
image_1388.jpg,0,43.3731616786892,7.37805562641919,1.76719537045158
image_1389.jpg,0,45.2697490304428,7.37410205239967,3.01055591360664
image_1390.jpg,0,51.0923666701716,6.46407859469501,1.11829454493076
image_1391.jpg,0,51.7058651451582,6.81446170168359,0.997605750697917
image_1392.jpg,0,44.5565187934113,7.38198312106182,1.86868215047691
image_1393.jpg,0,45.1548778495002,7.47636666002409,3.11929448294441
image_1395.jpg,0,35.2665262660857,6.66770995917575,1.33861866939829
image_1396.jpg,0,53.3260848255617,6.41604453580175,1.00001880178038
image_1397.jpg,0,47.1159726605397,7.51455475954168,1.51015379174279
image_1398.jpg,0,35.206540893452,6.80593480770285,1.32872520243548
image_1399.jpg,0,45.8802727808528,7.36431829308022,1.62498866734194
image_1402.jpg,0,42.7137569476132,6.79439708540437,1.40777574345317
image_1403.jpg,0,39.4116895453181,6.6486747667909,2.62223060186154
image_1405.jpg,0,43.6564163220084,7.26857299862538,1.86282718580095
image_1406.jpg,0,43.3452146133008,6.73708209886345,1.24725472653603
image_1407.jpg,0,5.46931840642897,4.36724892696639,0.128378793910525
image_1408.jpg,0,39.2164616775477,7.3197010282948,2.68893764090681
image_1410.jpg,0,41.8476914113982,6.72453294839645,1.43857756311161
image_1411.jpg,0,45.8154187885676,6.93764983510066,1.35033288170836
image_1412.jpg,0,45.4083009145685,6.91854142733991,1.37154132773464
image_1413.jpg,0,42.9463502575705,6.83936186495994,1.30537602085649
image_1414.jpg,0,45.3625214355716,6.97898667409535,1.20464267481025
image_1415.jpg,0,40.6601386885978,7.28939971898301,1.58087270597728
image_1416.jpg,0,49.0346731968925,6.33879470593506,1.1938172353009
image_1417.jpg,0,38.7841165534566,6.49664685560518,1.31083455653845
image_1418.jpg,0,45.8690019902488,7.45291964887304,1.61374105653234
image_1419.jpg,0,48.9309870407717,6.87534826848957,2.74181517987522
image_1420.jpg,0,51.3515076891396,7.14707772452848,1.1291560168991
image_1423.jpg,0,34.121588010526,6.78225566479933,1.64166014265592
image_1425.jpg,0,48.7225751518002,6.79430468351869,1.29491961762754
image_1427.jpg,0,52.7293694198898,6.45050967629107,0.988053995102578
image_1429.jpg,0,29.8712927243194,6.54705335196837,1.33800528554825
image_1430.jpg,0,65.3317661547754,6.68335835845128,0.811106309717335
image_1432.jpg,0,39.9847351100801,7.21659796819742,1.66133130081301
image_1433.jpg,0,52.5928071720569,6.71203247148722,1.139649450229
image_1434.jpg,0,43.9432043782784,7.17983194021655,1.41566091730865
image_1435.jpg,0,48.3595239335603,7.48306355630798,1.55874626351797
image_1436.jpg,0,47.0620174928227,6.50129480868717,1.10107310489302
image_1438.jpg,0,45.2062580300198,6.49576363425283,1.12438304146554
image_1439.jpg,0,50.3786433808226,7.6338359463259,2.8341005489022
image_1440.jpg,0,47.6904574949583,6.8372775204235,3.2490497507877
image_1441.jpg,0,36.6720666147276,6.60729985016254,1.37710003390719
image_1442.jpg,0,43.5495857829121,7.18570178560254,1.34999789986559
image_1443.jpg,0,47.0954555394473,6.59484114675213,1.20584270989495
image_1444.jpg,0,45.0226799327381,7.59740904313457,3.13586756226363
image_1446.jpg,0,38.5264446428738,6.65939707980624,1.19641715336647
image_1447.jpg,0,46.4759475351603,6.34501178032061,1.10432885415705
image_1448.jpg,0,42.7497089210071,7.37393339605232,1.93416924528184
image_1449.jpg,0,47.3123120434653,7.58771574708597,2.69001360045707
image_1450.jpg,0,41.2425541392556,7.34965761038768,1.6859458027581
image_1451.jpg,0,44.4797408785384,6.81834325000672,1.42247108365963
image_1453.jpg,0,50.222892785216,7.53481977229507,2.65639163127535
image_1454.jpg,0,53.1023058255057,7.02352739090128,1.19702793725264
image_1455.jpg,0,46.694609848291,5.7236588657905,0.848961302120229
image_1456.jpg,0,41.2729265610056,6.89038699527969,1.4030011161346
image_1458.jpg,0,38.9167914272086,7.26993148710592,1.45995013823065
image_1459.jpg,0,41.5680265457841,6.98603556496305,1.4190087590342
image_1460.jpg,0,47.4684017543738,7.00375103143146,1.12638586260483
image_1462.jpg,0,33.8556437131955,7.12848480226845,1.58768214949642
image_1463.jpg,0,45.8545704090969,6.78736458533394,1.33641640628777
image_1464.jpg,0,43.5073883917407,7.4499697090952,1.70704048099646
image_1465.jpg,0,52.370307530689,6.38232674804191,0.956292226543477
image_1466.jpg,0,44.4466600480186,7.05353566242157,1.45399970214429
image_1467.jpg,0,43.1692591792699,7.38939948036847,2.74651117092226
image_1468.jpg,0,43.4914356968809,7.18579089072052,1.5296827459432
image_1469.jpg,0,46.0383951226372,7.07516175423349,1.36876763022807
image_1470.jpg,0,50.7229867007816,7.20200967722646,1.1604112558393
image_1471.jpg,0,41.7776051492332,7.28095484983347,1.88236829705739
image_1472.jpg,0,38.4344043028548,7.22455111991094,1.35228743528475
image_1473.jpg,0,41.6987026850403,6.90367634042116,1.45066957464619
image_1474.jpg,0,45.8753165626598,6.40231591221735,1.20369516152946
image_1475.jpg,0,42.3705372298909,6.81481763213079,1.23522056717961
image_1477.jpg,0,46.9202937226773,7.50893851906313,3.00215363445691
image_1478.jpg,0,47.1409335699266,6.72859576025393,1.24124109302365
image_1479.jpg,0,36.4005472552118,6.59090696723516,2.3521431782358
image_1481.jpg,0,58.8755317961258,6.32577552966697,1.14039686949126
image_1483.jpg,0,44.9340538544092,6.87629553246918,1.15945330389944
image_1487.jpg,0,41.1566463109814,6.82070254735834,1.28226980891622
image_1489.jpg,0,44.8638315168331,7.49661718264302,3.10965853072584
image_1491.jpg,0,45.0658365086523,7.58841097445844,1.95757084617522
image_1492.jpg,0,42.0431841092376,7.40812487737779,2.90689181399528
image_1493.jpg,0,47.0070679635057,5.91288674680575,0.947742578649083
image_1494.jpg,0,37.3585648066271,7.27643718127424,3.00511604181215
image_1495.jpg,0,46.4037730056442,6.87555525659348,1.40379837334599
image_1497.jpg,0,47.0510525619983,6.97916751998479,3.27574155061141
image_1498.jpg,0,43.3723158189812,6.95361246196335,1.32769632239522
image_1499.jpg,0,43.7246561445909,6.87722938801417,1.3523782559899
image_1501.jpg,0,40.9589162812543,7.32660436722678,1.7444751512917
image_1502.jpg,0,39.4512589836991,6.68935815358422,1.39910852114638
image_1503.jpg,0,49.2645129365925,6.53015003752372,1.13122815925348
image_1504.jpg,0,42.3819779726551,6.82037628547857,1.34825020759224
image_1505.jpg,0,18.0435613835056,5.88350992050564,1.33074934760552
image_1506.jpg,0,50.1421108286298,6.41852554327476,1.16316933144021
image_1507.jpg,0,38.4890151785713,6.63323754250561,1.28738385771413
image_1508.jpg,0,48.5509694662315,7.20930848002943,1.43576963388749
image_1509.jpg,0,53.0035618750337,6.28002124871341,1.04743983395372
image_1510.jpg,0,51.6872759428279,7.28141335819827,2.54945703285487
image_1511.jpg,0,44.7037540444023,6.37576370341651,1.25735204508475
image_1512.jpg,0,48.9299764189822,6.91741591068598,1.28299767895529
image_1513.jpg,0,45.7376898606434,6.52475092115224,1.27572110483587
image_1516.jpg,0,42.017578231338,7.44239190813534,1.6761887254902
image_1517.jpg,0,24.1458742664578,6.13505003927454,1.50114649688537
image_1518.jpg,0,40.0994949354897,6.72831337431717,1.66717370047359
image_1519.jpg,0,43.9623507067156,7.45196380317166,1.47073639961789
image_1520.jpg,0,49.6593655403098,7.64668804117954,0.536881367015419
image_1523.jpg,0,40.7636419973774,7.4233451961628,1.47290915464744
image_1524.jpg,0,43.1057982829331,6.7193255550962,1.20862510402737
image_1526.jpg,0,52.9191444459894,6.98638187640524,1.32878137647375
image_1527.jpg,0,51.1925178286716,7.00870395851295,1.06594397788647
image_1528.jpg,0,44.2119047799415,7.07767907742839,1.62862407146779
image_1529.jpg,0,43.7836702209397,6.90213284406406,2.55511838233384
image_1530.jpg,0,47.6022409876242,7.36843597848508,2.46508651463114
image_1531.jpg,0,53.7662507413949,6.2388934674821,1.00005063725406
image_1532.jpg,0,45.7480478543164,6.67331570171705,1.32633907103285
image_1535.jpg,0,43.1572792485474,6.74588918572661,1.24257201706021
image_1536.jpg,0,46.5622666074578,6.37919052100994,1.0741954896222
image_1538.jpg,0,46.7838588935342,6.54280171051307,1.28258595250337
image_1539.jpg,0,39.0666758498588,6.63628601675157,1.38541210426269
image_1540.jpg,0,51.2757492755756,6.14262582281356,1.01323387589083
image_1541.jpg,0,49.6358225975486,6.72601439299267,1.30165496998951
image_1542.jpg,0,58.9568928170255,6.28411132176395,1.12330514229273
image_1543.jpg,0,45.6801289315163,7.38251338954609,1.97272243091973
image_1544.jpg,0,51.6752798465047,6.79594149706835,2.8119825708061
image_1545.jpg,0,35.6024516201488,6.78363004771979,1.36295106318553
image_1546.jpg,0,41.949254850641,7.41525998865677,1.57765235626001
image_1547.jpg,0,40.9345046127969,7.02039422523231,1.52662717422306
image_1548.jpg,0,43.5619790547699,7.21138847510742,1.55360707327323
image_1549.jpg,0,38.9245659265198,6.87075075593568,1.46073278001047
image_1550.jpg,0,40.6512311149503,7.34864050745843,1.79277552114785
image_1551.jpg,0,42.2041424398406,6.86850946348532,1.34000641873567
image_1552.jpg,0,44.9495909386684,6.78213802836716,1.3856141853786
image_1553.jpg,0,48.446211639674,6.97681845709532,1.37800108656005
image_1554.jpg,0,39.0114875036444,7.29705979975147,2.87123070219124
image_1555.jpg,0,44.7531784391601,6.85763526010839,1.3483367929139
image_1556.jpg,0,54.0666825031013,7.72382733806952,1.70597760073191
image_1557.jpg,0,39.3413897811513,6.84864792097338,1.29401628754177
image_1560.jpg,0,48.2653748317343,6.67717339871196,1.16131705102859
image_1561.jpg,0,45.5747420631492,6.90659897488195,1.30699425599798
image_1562.jpg,0,49.7837031376641,6.85242467423164,3.20902067764946
image_1563.jpg,0,44.0927107904895,6.81137258084199,1.13764870162116
image_1564.jpg,0,26.2355009136814,6.77995531901546,3.14184113417921
image_1565.jpg,0,42.3084314127744,7.12316464216632,2.66293138794243
image_1567.jpg,0,90.899851733938,6.10395424088178,1.86844837039769
image_1569.jpg,0,42.3206036408618,7.2934945387188,2.78080430024938
